,Symbol,Series,Date,Prev Close,Open Price,High Price,Low Price,Last Price,Close Price,Average Price,Total_Traded_Quantity,Turnover,No. of Trades,Deliverable Qty,% Dly Qt to Traded Qty,Month,Year,Day_Perc_Change,Trend
0,TCS,EQ,2017-05-15,2360.65,2375.1,2377.95,2341.6,2368.0,2365.1,2352.6,908802,2138047585.1999998,30047,712450,78.39,5,2017,0.0,Slight or No change
1,TCS,EQ,2017-05-16,2365.1,2380.0,2435.0,2373.45,2425.1,2429.15,2410.26,1800513,4339704463.38,58476,1167534,64.84,5,2017,2.7081307344298367,Positive
2,TCS,EQ,2017-05-17,2429.15,2433.5,2460.75,2423.0,2450.0,2455.35,2443.31,1438099,3513721667.69,86412,1031752,71.74,5,2017,1.0785665767861108,Positive
3,TCS,EQ,2017-05-18,2455.35,2450.0,2572.0,2442.25,2525.0,2536.2,2525.78,2569297,6489478976.660001,111566,1135613,44.2,5,2017,3.292809579082401,Among top gainers
4,TCS,EQ,2017-05-19,2536.2,2536.2,2540.55,2486.0,2503.85,2507.15,2506.58,893022,2238431084.7599998,63112,517461,57.94,5,2017,-1.1454143994952926,Negative
5,TCS,EQ,2017-05-22,2507.15,2510.0,2553.75,2510.0,2535.0,2531.35,2530.69,831970,2105458159.3,53261,509741,61.27,5,2017,0.965239415272312,Slight Positive
6,TCS,EQ,2017-05-23,2531.35,2533.2,2564.15,2514.0,2523.7,2521.7,2530.49,1374298,3477647346.0199995,88749,995551,72.44,5,2017,-0.3812195073774949,Slight or No change
7,TCS,EQ,2017-05-24,2521.7,2534.8,2570.0,2529.65,2567.1,2559.15,2545.01,1267274,3225225002.7400002,58716,918505,72.48,5,2017,1.4851092516952935,Positive
8,TCS,EQ,2017-05-25,2559.15,2577.0,2637.55,2568.0,2615.05,2624.6,2605.4,2047047,5333376253.8,87147,1180439,57.67,5,2017,2.5574897915323413,Positive
9,TCS,EQ,2017-05-26,2624.6,2625.0,2626.85,2564.65,2570.05,2578.25,2593.0,681275,1766546075.0,32170,390827,57.37,5,2017,-1.765983387944825,Negative
10,TCS,EQ,2017-05-29,2578.25,2579.0,2596.5,2564.0,2572.0,2572.85,2577.65,874645,2254528684.25,41767,635375,72.64,5,2017,-0.20944439057500874,Slight or No change
11,TCS,EQ,2017-05-30,2572.85,2560.0,2575.95,2525.0,2548.2,2551.1,2554.74,463817,1184931842.58,26766,246206,53.08,5,2017,-0.845366033775774,Slight negative
12,TCS,EQ,2017-05-31,2551.1,2533.0,2572.5,2528.0,2539.95,2546.6,2549.69,1251365,3190592826.85,103176,925467,73.96,5,2017,-0.17639449649170524,Slight or No change
13,TCS,EQ,2017-06-01,2546.6,2530.0,2564.0,2530.0,2553.0,2553.6,2552.85,540032,1378620691.2,38315,370004,68.52,6,2017,0.2748763056624526,Slight or No change
14,TCS,EQ,2017-06-02,2553.6,2556.25,2591.85,2552.5,2560.0,2564.9,2568.84,677824,1741221404.16,43736,511928,75.53,6,2017,0.4425125313283207,Slight or No change
15,TCS,EQ,2017-06-05,2564.9,2565.0,2619.9,2560.15,2616.0,2603.95,2577.2,750094,1933142256.8,39041,490594,65.4,6,2017,1.5224765098054371,Positive
16,TCS,EQ,2017-06-06,2603.95,2631.0,2708.95,2630.0,2705.0,2696.0,2693.18,2973360,8007793684.799999,132494,1888281,63.51,6,2017,3.5350141131742285,Among top gainers
17,TCS,EQ,2017-06-07,2696.0,2697.0,2700.0,2576.55,2613.95,2615.25,2624.95,2463888,6467582805.599999,109104,1265805,51.37,6,2017,-2.995178041543023,Negative
18,TCS,EQ,2017-06-08,2615.25,2598.0,2604.95,2515.5,2520.0,2521.6,2543.44,1665357,4235735608.08,80468,678314,40.73,6,2017,-3.5809196061562076,Among top losers
19,TCS,EQ,2017-06-09,2521.6,2520.0,2547.4,2486.0,2518.6,2507.0,2513.28,1574017,3955945445.76,83931,599286,38.07,6,2017,-0.5789974619289318,Slight negative
20,TCS,EQ,2017-06-12,2507.0,2497.0,2512.9,2470.4,2484.9,2487.2,2487.48,813253,2022950572.44,44849,306655,37.71,6,2017,-0.789788591942564,Slight negative
21,TCS,EQ,2017-06-13,2487.2,2465.0,2481.1,2447.0,2450.0,2451.55,2464.89,587707,1448633107.23,52410,268108,45.62,6,2017,-1.4333386941138504,Negative
22,TCS,EQ,2017-06-14,2451.55,2455.0,2476.0,2455.0,2465.4,2470.2,2469.41,744571,1838651073.11,42987,456486,61.31,6,2017,0.7607432032795458,Slight Positive
23,TCS,EQ,2017-06-15,2470.2,2469.0,2469.7,2405.0,2410.0,2411.2,2427.94,1498599,3638508456.06,65157,1140716,76.12,6,2017,-2.3884705691846864,Negative
24,TCS,EQ,2017-06-16,2411.2,2414.95,2435.0,2386.5,2395.0,2399.7,2402.96,1225213,2944137830.48,72001,709697,57.92,6,2017,-0.4769409422694104,Slight or No change
25,TCS,EQ,2017-06-19,2399.7,2416.9,2446.35,2405.15,2432.0,2431.7,2430.5,822371,1998772715.5,53034,493678,60.03,6,2017,1.3335000208359427,Positive
26,TCS,EQ,2017-06-20,2431.7,2431.0,2449.0,2380.3,2443.6,2445.0,2427.14,835479,2027824500.06,56385,443227,53.05,6,2017,0.5469424682321034,Slight Positive
27,TCS,EQ,2017-06-21,2445.0,2440.0,2442.15,2397.2,2406.75,2406.3,2412.24,828909,1999527446.1599998,60134,488457,58.93,6,2017,-1.582822085889568,Negative
28,TCS,EQ,2017-06-22,2406.3,2409.0,2431.0,2385.0,2391.45,2394.85,2403.02,2887941,6939779981.82,51314,2442403,84.57,6,2017,-0.4758342683788497,Slight or No change
29,TCS,EQ,2017-06-23,2394.85,2399.4,2413.95,2354.0,2359.8,2361.7,2388.78,712378,1701714318.8400002,52090,347676,48.8,6,2017,-1.3842203060734581,Negative
30,TCS,EQ,2017-06-27,2361.7,2350.6,2384.7,2331.6,2348.0,2342.85,2357.33,987165,2327073669.45,61242,613618,62.16,6,2017,-0.798153872210694,Slight negative
31,TCS,EQ,2017-06-28,2342.85,2349.9,2358.0,2335.0,2346.25,2350.05,2345.89,894863,2099250163.07,46724,653390,73.02,6,2017,0.3073180101158979,Slight or No change
32,TCS,EQ,2017-06-29,2350.05,2359.0,2372.05,2323.1,2328.95,2333.25,2342.52,1235913,2895150920.7599998,41555,909603,73.6,6,2017,-0.7148784068424119,Slight negative
33,TCS,EQ,2017-06-30,2333.25,2324.4,2377.0,2323.1,2361.0,2362.35,2361.01,876924,2070426333.2400002,45339,543014,61.92,6,2017,1.2471873995499871,Positive
34,TCS,EQ,2017-07-03,2362.35,2357.4,2383.05,2343.1,2371.0,2373.6,2368.46,737978,1747871373.88,39614,492755,66.77,7,2017,0.4762207124261897,Slight or No change
35,TCS,EQ,2017-07-04,2373.6,2373.3,2380.45,2350.05,2360.8,2366.85,2366.9,607567,1438050332.3,24611,339629,55.9,7,2017,-0.28437815975732583,Slight or No change
36,TCS,EQ,2017-07-05,2366.85,2360.8,2365.0,2345.0,2358.0,2356.0,2354.42,407928,960433841.76,22153,216685,53.12,7,2017,-0.4584151931892544,Slight or No change
37,TCS,EQ,2017-07-06,2356.0,2359.0,2361.9,2340.1,2350.05,2347.55,2348.75,513394,1205834157.5,26826,342973,66.81,7,2017,-0.35865874363326666,Slight or No change
38,TCS,EQ,2017-07-07,2347.55,2350.0,2356.45,2325.5,2332.0,2331.95,2343.49,616045,1443695297.05,52731,417958,67.85,7,2017,-0.6645225873783467,Slight negative
39,TCS,EQ,2017-07-10,2331.95,2341.0,2444.9,2341.0,2435.0,2434.95,2426.54,398392,966714123.68,12486,188289,47.26,7,2017,4.416904307553771,Among top gainers
40,TCS,EQ,2017-07-11,2434.95,2426.0,2514.8,2426.0,2482.5,2475.8,2478.13,1768752,4383197393.76,96054,937311,52.99,7,2017,1.6776525185322244,Positive
41,TCS,EQ,2017-07-12,2475.8,2482.5,2483.3,2430.1,2441.0,2439.45,2453.34,1323225,3246320821.5,62259,926229,70.0,7,2017,-1.4682122950157694,Negative
42,TCS,EQ,2017-07-13,2439.45,2445.0,2472.0,2426.6,2439.0,2446.4,2449.5,1565980,3835868010.0,64700,819249,52.32,7,2017,0.2849002849002913,Slight or No change
43,TCS,EQ,2017-07-14,2446.4,2383.0,2425.0,2375.0,2399.1,2397.45,2396.18,2254216,5401507294.879999,95561,853385,37.86,7,2017,-2.000899280575552,Negative
44,TCS,EQ,2017-07-17,2397.45,2397.7,2422.1,2382.2,2397.1,2395.45,2402.63,1105911,2657094945.9300003,49251,668063,60.41,7,2017,-0.08342196917557887,Slight or No change
45,TCS,EQ,2017-07-18,2395.45,2396.15,2443.0,2396.15,2415.1,2408.35,2418.05,954001,2306822118.05,67981,587896,61.62,7,2017,0.5385209459600526,Slight Positive
46,TCS,EQ,2017-07-19,2408.35,2415.5,2460.0,2415.1,2449.25,2449.6,2442.01,1957788,4780937873.88,87419,1244355,63.56,7,2017,1.7127909149417642,Positive
47,TCS,EQ,2017-07-20,2449.6,2449.25,2456.9,2430.5,2437.0,2444.7,2441.25,591252,1443393945.0,23307,305250,51.63,7,2017,-0.20003265839321216,Slight or No change
48,TCS,EQ,2017-07-21,2444.7,2434.9,2500.0,2434.55,2496.0,2491.2,2473.18,1074208,2656709741.44,64460,652870,60.78,7,2017,1.9020738740949783,Positive
49,TCS,EQ,2017-07-24,2491.2,2482.0,2540.0,2482.0,2535.0,2530.7,2519.47,1135701,2861364598.47,68968,749335,65.98,7,2017,1.5855812459858676,Positive
50,TCS,EQ,2017-07-25,2530.7,2525.75,2580.0,2518.4,2579.0,2571.5,2552.41,1339416,3418738792.56,93466,915489,68.35,7,2017,1.6122021575058376,Positive
51,TCS,EQ,2017-07-26,2571.5,2560.0,2575.0,2547.0,2552.0,2556.0,2559.66,729913,1868329109.58,38234,464420,63.63,7,2017,-0.6027610344157108,Slight negative
52,TCS,EQ,2017-07-27,2556.0,2542.2,2584.8,2466.5,2477.0,2481.7,2499.85,2127652,5318810852.2,58582,1376530,64.7,7,2017,-2.9068857589984454,Negative
53,TCS,EQ,2017-07-28,2481.7,2481.0,2493.05,2442.0,2484.95,2484.3,2467.41,691376,1705908056.1599998,55534,349700,50.58,7,2017,0.10476689366161196,Slight or No change
54,TCS,EQ,2017-07-31,2484.3,2471.0,2519.0,2463.0,2494.95,2491.8,2490.03,1009831,2514509484.9300003,59801,555095,54.97,7,2017,0.301895906291505,Slight or No change
55,TCS,EQ,2017-08-01,2491.8,2500.0,2520.75,2491.0,2495.15,2501.65,2502.14,873730,2186194782.2,42188,620303,70.99,8,2017,0.39529657275865215,Slight or No change
56,TCS,EQ,2017-08-02,2501.65,2500.0,2508.0,2462.0,2475.0,2473.8,2484.51,625512,1554090819.1200001,44731,366332,58.57,8,2017,-1.113265244938333,Negative
57,TCS,EQ,2017-08-03,2473.8,2480.0,2502.0,2466.45,2490.05,2489.45,2486.75,941274,2340713119.5,39294,732362,77.81,8,2017,0.6326299620017739,Slight Positive
58,TCS,EQ,2017-08-04,2489.45,2490.8,2528.3,2488.0,2525.0,2522.8,2510.86,693945,1742398742.7,31371,340218,49.03,8,2017,1.3396533370825026,Positive
59,TCS,EQ,2017-08-07,2522.8,2516.5,2520.0,2481.2,2507.4,2503.45,2491.28,942760,2348679132.8,29848,699856,74.23,8,2017,-0.7670049151736302,Slight negative
60,TCS,EQ,2017-08-08,2503.45,2512.0,2528.6,2496.3,2500.15,2503.05,2507.64,536979,1346550019.56,24609,309875,57.71,8,2017,-0.015977950428391896,Slight or No change
61,TCS,EQ,2017-08-09,2503.05,2500.0,2522.85,2493.3,2508.35,2512.0,2511.32,496473,1246802574.3600001,33860,316032,63.66,8,2017,0.3575637721979108,Slight or No change
62,TCS,EQ,2017-08-10,2512.0,2509.0,2520.6,2486.35,2520.0,2511.45,2499.22,763086,1907119792.9199998,37900,507304,66.48,8,2017,-0.02189490445860809,Slight or No change
63,TCS,EQ,2017-08-11,2511.45,2499.9,2535.0,2483.0,2492.65,2496.05,2503.79,697368,1746063024.72,41945,327636,46.98,8,2017,-0.6131915825518974,Slight negative
64,TCS,EQ,2017-08-14,2496.05,2503.0,2509.9,2463.0,2468.0,2469.4,2487.26,393252,978119969.5200001,29766,227374,57.82,8,2017,-1.0676869453736915,Negative
65,TCS,EQ,2017-08-16,2469.4,2484.0,2543.8,2465.2,2490.15,2492.35,2487.66,686670,1708201492.1999998,44396,437761,63.75,8,2017,0.9293755568154038,Slight Positive
66,TCS,EQ,2017-08-17,2492.35,2500.7,2505.0,2462.1,2485.55,2485.65,2480.04,876187,2172978807.48,40452,613453,70.01,8,2017,-0.26882259714726686,Slight or No change
67,TCS,EQ,2017-08-18,2485.65,2474.0,2549.9,2471.4,2515.0,2513.8,2520.86,1418678,3576288623.0800004,77980,837580,59.04,8,2017,1.1325005531752197,Positive
68,TCS,EQ,2017-08-21,2513.8,2505.5,2549.0,2494.3,2513.2,2528.8,2534.62,1152417,2920939176.54,54265,747946,64.9,8,2017,0.5967061818760389,Slight Positive
69,TCS,EQ,2017-08-22,2528.8,2523.0,2539.5,2492.0,2500.0,2497.55,2516.08,565663,1423253361.04,35029,287383,50.8,8,2017,-1.2357639987345737,Negative
70,TCS,EQ,2017-08-23,2497.55,2505.0,2516.8,2473.15,2491.6,2489.45,2487.52,781136,1943091422.72,39129,512785,65.65,8,2017,-0.3243178314748629,Slight or No change
71,TCS,EQ,2017-08-24,2489.45,2497.7,2517.95,2486.15,2498.05,2496.6,2495.82,811954,2026491032.2800002,42614,596982,73.52,8,2017,0.2872120347868101,Slight or No change
72,TCS,EQ,2017-08-28,2496.6,2504.6,2505.4,2461.0,2491.0,2487.3,2479.76,1018398,2525382624.48,54931,696983,68.44,8,2017,-0.3725066089882101,Slight or No change
73,TCS,EQ,2017-08-29,2487.3,2482.0,2496.0,2463.95,2475.05,2470.85,2472.97,656301,1623012683.9699998,23498,432172,65.85,8,2017,-0.6613597073131583,Slight negative
74,TCS,EQ,2017-08-30,2470.85,2481.0,2490.0,2460.1,2485.0,2484.55,2478.46,485391,1203022177.8600001,24262,240993,49.65,8,2017,0.5544650626302827,Slight Positive
75,TCS,EQ,2017-08-31,2484.55,2485.0,2504.4,2466.65,2498.0,2496.35,2489.91,892332,2221826370.12,47192,591710,66.31,8,2017,0.4749350989112555,Slight or No change
76,TCS,EQ,2017-09-01,2496.35,2480.0,2498.05,2436.55,2460.6,2456.45,2452.84,851165,2087771558.6000001,40185,447974,52.63,9,2017,-1.598333567007837,Negative
77,TCS,EQ,2017-09-04,2456.45,2453.1,2461.0,2438.0,2457.0,2456.2,2452.06,531272,1302710820.32,29763,314907,59.27,9,2017,-0.010177288363288906,Slight or No change
78,TCS,EQ,2017-09-05,2456.2,2460.0,2490.0,2437.05,2484.65,2484.35,2463.13,582997,1435997400.6100001,27861,390654,67.01,9,2017,1.146079309502479,Positive
79,TCS,EQ,2017-09-06,2484.35,2468.15,2474.85,2450.0,2453.0,2453.2,2454.77,614382,1508166502.14,37430,428731,69.78,9,2017,-1.253849095336812,Negative
80,TCS,EQ,2017-09-07,2453.2,2458.0,2468.4,2451.05,2460.0,2460.1,2458.6,435318,1070272834.8,35496,314028,72.14,9,2017,0.2812652861568621,Slight or No change
81,TCS,EQ,2017-09-08,2460.1,2453.75,2474.0,2452.55,2465.15,2470.6,2466.13,510567,1259124595.71,26980,354180,69.37,9,2017,0.4268119182146979,Slight or No change
82,TCS,EQ,2017-09-11,2470.6,2471.2,2482.95,2450.0,2455.0,2454.45,2463.39,366382,902541754.9799999,17519,260179,71.01,9,2017,-0.653687363393507,Slight negative
83,TCS,EQ,2017-09-12,2454.45,2473.9,2497.0,2457.0,2497.0,2488.45,2469.62,698230,1724362772.6,25758,552659,79.15,9,2017,1.3852390555929128,Positive
84,TCS,EQ,2017-09-13,2488.45,2500.0,2531.65,2475.2,2492.7,2489.2,2504.48,639490,1601589915.2,32185,345028,53.95,9,2017,0.03013924330406148,Slight or No change
85,TCS,EQ,2017-09-14,2489.2,2482.0,2497.6,2471.9,2485.0,2486.95,2484.2,540755,1343343571.0,38222,389170,71.97,9,2017,-0.09039048690342444,Slight or No change
86,TCS,EQ,2017-09-15,2486.95,2499.0,2517.0,2485.0,2504.0,2506.05,2503.39,1472036,3685080202.04,57885,1204007,81.79,9,2017,0.7680090070166345,Slight Positive
87,TCS,EQ,2017-09-18,2506.05,2504.95,2518.95,2489.25,2505.0,2499.05,2502.71,363300,909234543.0,34868,240697,66.25,9,2017,-0.2793240358332838,Slight or No change
88,TCS,EQ,2017-09-19,2499.05,2505.0,2505.0,2491.5,2498.0,2498.25,2496.55,391377,977092249.35,14036,296891,75.86,9,2017,-0.03201216462256351,Slight or No change
89,TCS,EQ,2017-09-20,2498.25,2514.0,2514.0,2474.3,2496.0,2493.55,2485.89,667321,1658886600.6899998,21548,536043,80.33,9,2017,-0.1881316921845233,Slight or No change
90,TCS,EQ,2017-09-21,2493.55,2491.05,2541.0,2480.0,2525.0,2524.9,2509.94,1219370,3060545537.8,44213,843424,69.17,9,2017,1.2572436887168914,Positive
91,TCS,EQ,2017-09-22,2524.9,2519.9,2526.9,2492.0,2509.0,2503.6,2508.22,1217698,3054254477.56,47174,887364,72.87,9,2017,-0.843597766248172,Slight negative
92,TCS,EQ,2017-09-25,2503.6,2496.55,2534.0,2492.75,2510.0,2510.75,2515.11,799779,2011532160.69,50797,499966,62.51,9,2017,0.28558875219684143,Slight or No change
93,TCS,EQ,2017-09-26,2510.75,2510.0,2526.4,2466.0,2475.0,2474.65,2485.79,724615,1801240720.85,30740,496026,68.45,9,2017,-1.437817385243445,Negative
94,TCS,EQ,2017-09-27,2474.65,2490.0,2512.2,2473.75,2495.1,2495.0,2495.71,1005178,2508632786.38,37197,646194,64.29,9,2017,0.822338512516918,Slight Positive
95,TCS,EQ,2017-09-28,2495.0,2494.7,2514.0,2452.0,2472.75,2476.45,2480.49,2166433,5373815392.169999,89294,1630581,75.27,9,2017,-0.7434869739479044,Slight negative
96,TCS,EQ,2017-09-29,2476.45,2479.0,2484.0,2421.5,2437.6,2435.95,2455.42,992507,2437021537.94,60239,705264,71.06,9,2017,-1.6354055199983897,Negative
97,TCS,EQ,2017-10-03,2435.95,2440.0,2454.3,2427.05,2452.0,2448.45,2440.87,961503,2346903827.6099997,57917,685041,71.25,10,2017,0.5131468215685775,Slight Positive
98,TCS,EQ,2017-10-04,2448.45,2449.6,2454.0,2425.0,2442.0,2442.3,2440.46,650389,1587248338.94,31490,469306,72.16,10,2017,-0.25117931752740574,Slight or No change
99,TCS,EQ,2017-10-05,2442.3,2441.0,2443.45,2424.4,2430.0,2429.6,2434.97,842343,2051079934.7099998,21566,693866,82.37,10,2017,-0.5200016378004491,Slight negative
100,TCS,EQ,2017-10-06,2429.6,2430.0,2455.0,2428.05,2451.0,2446.65,2443.5,694594,1697240439.0,31692,487487,70.18,10,2017,0.7017616068488719,Slight Positive
101,TCS,EQ,2017-10-09,2446.65,2441.05,2467.95,2441.05,2449.1,2454.1,2457.72,886808,2179525757.7599998,30973,714603,80.58,10,2017,0.30449798704350606,Slight or No change
102,TCS,EQ,2017-10-10,2454.1,2455.0,2469.95,2451.25,2453.4,2459.25,2459.75,611005,1502919548.75,32806,477108,78.09,10,2017,0.2098528992298565,Slight or No change
103,TCS,EQ,2017-10-11,2459.25,2460.0,2514.45,2456.75,2500.0,2500.35,2494.35,763873,1905366617.55,39551,473024,61.92,10,2017,1.671241232082954,Positive
104,TCS,EQ,2017-10-12,2500.35,2513.0,2555.0,2507.0,2546.9,2548.2,2529.48,2503178,6331738687.44,55773,1654922,66.11,10,2017,1.913732077509156,Positive
105,TCS,EQ,2017-10-13,2548.2,2548.2,2608.95,2523.0,2559.75,2558.6,2562.16,2033160,5209281225.599999,83968,623802,30.68,10,2017,0.40813122988776485,Slight or No change
106,TCS,EQ,2017-10-16,2558.6,2555.05,2590.0,2555.05,2587.0,2584.4,2577.86,609295,1570677208.7,50285,381873,62.67,10,2017,1.0083639490346297,Positive
107,TCS,EQ,2017-10-17,2584.4,2585.0,2614.95,2577.55,2594.6,2594.55,2598.37,721508,1874744741.96,33284,421119,58.37,10,2017,0.392741061755153,Slight or No change
108,TCS,EQ,2017-10-18,2594.55,2595.0,2613.65,2580.0,2592.0,2586.6,2588.24,757072,1959484033.2799997,27424,556509,73.51,10,2017,-0.3064115164479464,Slight or No change
109,TCS,EQ,2017-10-19,2586.6,2592.0,2595.8,2571.0,2583.4,2583.9,2581.96,43411,112085465.56,2351,13869,31.95,10,2017,-0.10438413361167909,Slight or No change
110,TCS,EQ,2017-10-23,2583.9,2584.0,2629.0,2547.45,2590.0,2587.9,2599.06,943044,2451027938.64,58735,720214,76.37,10,2017,0.15480475250591041,Slight or No change
111,TCS,EQ,2017-10-24,2587.9,2620.0,2620.9,2569.05,2575.0,2578.4,2581.12,669510,1728085651.1999998,44454,495808,74.06,10,2017,-0.3670930097762648,Slight or No change
112,TCS,EQ,2017-10-25,2578.4,2578.5,2614.0,2555.0,2560.0,2559.9,2580.66,552553,1425951424.98,38719,362115,65.53,10,2017,-0.7174992243251577,Slight negative
113,TCS,EQ,2017-10-26,2559.9,2535.1,2569.15,2517.9,2531.7,2538.85,2541.16,1503776,3821335420.16,52192,1032027,68.63,10,2017,-0.8222977460057068,Slight negative
114,TCS,EQ,2017-10-27,2538.85,2538.0,2593.15,2530.3,2580.0,2584.3,2567.39,704635,1809072852.6499999,34346,505106,71.68,10,2017,1.790180593575852,Positive
115,TCS,EQ,2017-10-30,2584.3,2586.0,2620.0,2581.7,2615.1,2616.2,2606.79,568626,1482288570.54,21542,350603,61.66,10,2017,1.234376813837379,Positive
116,TCS,EQ,2017-10-31,2616.2,2601.3,2640.0,2601.3,2618.75,2624.0,2627.82,796317,2092577738.94,45128,558622,70.15,10,2017,0.29814234385749927,Slight or No change
117,TCS,EQ,2017-11-01,2624.0,2624.0,2626.85,2578.85,2607.75,2602.85,2593.88,370941,962176441.08,28138,196048,52.85,11,2017,-0.8060213414634143,Slight negative
118,TCS,EQ,2017-11-02,2602.85,2608.5,2674.0,2606.75,2623.05,2626.15,2639.78,734211,1938155513.5800002,29980,406095,55.31,11,2017,0.8951725992661919,Slight Positive
119,TCS,EQ,2017-11-03,2626.15,2632.4,2636.7,2602.8,2622.0,2620.1,2619.76,333443,873540633.6800001,29606,214694,64.39,11,2017,-0.23037526416999077,Slight or No change
120,TCS,EQ,2017-11-06,2620.1,2620.0,2671.8,2611.75,2660.15,2665.55,2641.62,688500,1818755370.0,61866,527626,76.63,11,2017,1.7346666157780355,Positive
121,TCS,EQ,2017-11-07,2665.55,2670.0,2768.0,2666.05,2710.0,2710.05,2718.44,1348446,3665669544.2400002,61294,584060,43.31,11,2017,1.6694490818029983,Positive
122,TCS,EQ,2017-11-08,2710.05,2723.0,2759.0,2718.25,2737.0,2735.0,2741.21,701126,1921933602.46,48744,444618,63.41,11,2017,0.920647220530979,Slight Positive
123,TCS,EQ,2017-11-09,2735.0,2750.0,2750.0,2719.3,2740.0,2736.4,2732.42,576216,1574464122.72,27786,370073,64.22,11,2017,0.0511882998171842,Slight or No change
124,TCS,EQ,2017-11-10,2736.4,2722.2,2726.0,2693.35,2710.0,2708.75,2706.84,678283,1836003555.72,22485,456167,67.25,11,2017,-1.0104516883496562,Negative
125,TCS,EQ,2017-11-13,2708.75,2702.05,2777.4,2702.05,2756.55,2758.95,2757.27,748498,2063811080.46,44504,379983,50.77,11,2017,1.8532533456391276,Positive
126,TCS,EQ,2017-11-14,2758.95,2756.55,2756.55,2707.5,2710.0,2714.6,2718.61,828626,2252710929.86,50733,554011,66.86,11,2017,-1.607495605212128,Negative
127,TCS,EQ,2017-11-15,2714.6,2706.0,2755.0,2701.35,2710.0,2705.3,2736.73,3335417,9128135766.41,47448,2841173,85.18,11,2017,-0.3425919104103614,Slight or No change
128,TCS,EQ,2017-11-16,2705.3,2710.0,2763.0,2686.95,2739.9,2746.65,2734.0,826741,2260309894.0,45075,380359,46.01,11,2017,1.528481129634418,Positive
129,TCS,EQ,2017-11-17,2746.65,2748.1,2748.1,2703.6,2708.2,2707.3,2719.89,662732,1802558139.48,34043,411909,62.15,11,2017,-1.432654324358762,Negative
130,TCS,EQ,2017-11-20,2707.3,2715.0,2726.9,2695.3,2697.9,2703.45,2709.98,507249,1374634645.02,27013,360469,71.06,11,2017,-0.14220810401508466,Slight or No change
131,TCS,EQ,2017-11-21,2703.45,2701.0,2701.0,2666.0,2670.25,2672.95,2678.52,763870,2046041072.4,38552,527247,69.02,11,2017,-1.1281880560025104,Negative
132,TCS,EQ,2017-11-22,2672.95,2673.0,2709.7,2672.4,2681.4,2680.65,2690.88,911312,2452231234.56,67085,612065,67.16,11,2017,0.28807123215923713,Slight or No change
133,TCS,EQ,2017-11-23,2680.65,2681.0,2693.0,2669.0,2676.55,2681.25,2684.25,396735,1064935923.75,31522,189438,47.75,11,2017,0.022382631078277093,Slight or No change
134,TCS,EQ,2017-11-24,2681.25,2682.0,2702.9,2673.1,2688.2,2688.05,2688.26,1143756,3074713504.5600004,47991,936777,81.9,11,2017,0.2536130536130665,Slight or No change
135,TCS,EQ,2017-11-27,2688.05,2688.0,2695.9,2662.2,2683.05,2685.85,2678.65,928393,2486839909.4500003,40042,725134,78.11,11,2017,-0.08184371570469917,Slight or No change
136,TCS,EQ,2017-11-28,2685.85,2686.0,2702.4,2670.0,2681.05,2685.3,2679.22,455858,1221343870.76,29742,298928,65.57,11,2017,-0.02047768862742938,Slight or No change
137,TCS,EQ,2017-11-29,2685.3,2677.5,2693.0,2650.0,2653.65,2658.15,2674.7,723766,1935856920.1999998,41795,531968,73.5,11,2017,-1.0110602167355598,Negative
138,TCS,EQ,2017-11-30,2658.15,2653.65,2666.95,2623.0,2635.0,2637.0,2641.37,2149981,5678895313.969999,86807,1464976,68.14,11,2017,-0.7956661587946501,Slight negative
139,TCS,EQ,2017-12-01,2637.0,2635.0,2668.0,2621.5,2630.0,2629.95,2647.75,515572,1365105763.0,37693,285458,55.37,12,2017,-0.26734926052333075,Slight or No change
140,TCS,EQ,2017-12-04,2629.95,2622.0,2658.5,2602.95,2630.0,2632.35,2629.84,629552,1655621031.68,37609,342423,54.39,12,2017,0.09125648776593387,Slight or No change
141,TCS,EQ,2017-12-05,2632.35,2631.0,2651.7,2628.15,2633.0,2635.55,2641.13,583957,1542306351.41,33907,386120,66.12,12,2017,0.12156438163619665,Slight or No change
142,TCS,EQ,2017-12-06,2635.55,2636.0,2645.0,2612.85,2635.0,2633.3,2627.47,703759,1849105659.7299998,61422,534381,75.93,12,2017,-0.08537117489707535,Slight or No change
143,TCS,EQ,2017-12-07,2633.3,2632.3,2645.95,2615.0,2617.95,2617.25,2623.62,663150,1739853603.0,52980,503427,75.91,12,2017,-0.6095013860935028,Slight negative
144,TCS,EQ,2017-12-08,2617.25,2618.0,2645.0,2597.0,2600.0,2601.5,2621.69,692774,1816238668.06,67356,443099,63.96,12,2017,-0.6017766739898733,Slight negative
145,TCS,EQ,2017-12-11,2601.5,2608.35,2672.65,2608.35,2670.0,2661.1,2635.45,504001,1328269435.4499998,47999,298309,59.19,12,2017,2.2909859696329082,Positive
146,TCS,EQ,2017-12-12,2661.1,2661.0,2662.0,2607.4,2609.55,2612.15,2624.14,941123,2469638509.22,57531,622120,66.1,12,2017,-1.8394648829431426,Negative
147,TCS,EQ,2017-12-13,2612.15,2611.4,2651.45,2601.0,2633.5,2628.4,2632.07,1480729,3897382379.03,48513,1169964,79.01,12,2017,0.6220929119690632,Slight Positive
148,TCS,EQ,2017-12-14,2628.4,2632.0,2632.0,2531.1,2558.2,2557.8,2558.8,2752075,7042009510.000001,118270,1987921,72.23,12,2017,-2.686044742048388,Negative
149,TCS,EQ,2017-12-15,2557.8,2563.75,2584.45,2536.85,2543.95,2545.6,2552.92,1359069,3469594431.48,97835,934401,68.75,12,2017,-0.4769723981546736,Slight or No change
150,TCS,EQ,2017-12-18,2545.6,2537.0,2588.95,2494.35,2576.6,2580.5,2548.56,1090332,2778776521.92,71724,588034,53.93,12,2017,1.3709930861093733,Positive
151,TCS,EQ,2017-12-19,2580.5,2576.0,2597.8,2564.7,2577.4,2575.3,2583.18,900976,2327383183.68,76762,633455,70.31,12,2017,-0.201511335012583,Slight or No change
152,TCS,EQ,2017-12-20,2575.3,2582.0,2592.75,2550.65,2592.0,2588.95,2573.6,788785,2030017076.0,68386,530550,67.26,12,2017,0.5300353356890275,Slight Positive
153,TCS,EQ,2017-12-21,2588.95,2587.0,2608.0,2580.05,2582.1,2595.7,2595.09,646824,1678566494.16,40095,439879,68.01,12,2017,0.2607234593174912,Slight or No change
154,TCS,EQ,2017-12-22,2595.7,2604.0,2663.9,2590.2,2640.0,2646.75,2636.33,1832832,4831949986.559999,85852,757097,41.31,12,2017,1.9667141811457567,Positive
155,TCS,EQ,2017-12-26,2646.75,2686.0,2689.75,2631.6,2650.35,2649.45,2653.61,1087893,2886843743.73,52053,517570,47.58,12,2017,0.10201190138849903,Slight or No change
156,TCS,EQ,2017-12-27,2649.45,2649.45,2658.5,2610.5,2617.0,2619.9,2632.21,369642,972975368.82,20483,142233,38.48,12,2017,-1.1153258223404738,Negative
157,TCS,EQ,2017-12-28,2619.9,2608.8,2653.5,2605.65,2631.0,2626.95,2630.44,1302544,3426263839.36,47992,885214,67.96,12,2017,0.26909424023817685,Slight or No change
158,TCS,EQ,2017-12-29,2626.95,2623.1,2708.9,2618.55,2700.0,2701.2,2677.92,1304771,3494072356.32,51608,757663,58.07,12,2017,2.826471763832572,Positive
159,TCS,EQ,2018-01-01,2701.2,2682.3,2694.8,2635.0,2650.0,2645.6,2654.94,675880,1794420847.2,19464,330691,48.93,1,2018,-2.058344439508364,Negative
160,TCS,EQ,2018-01-02,2645.6,2660.0,2669.6,2620.2,2631.0,2631.2,2641.06,960145,2535800553.7,46813,555820,57.89,1,2018,-0.5442999697611195,Slight negative
161,TCS,EQ,2018-01-03,2631.2,2632.0,2669.0,2631.2,2639.0,2638.65,2649.21,628560,1665187437.6,32104,361072,57.44,1,2018,0.2831407722712065,Slight or No change
162,TCS,EQ,2018-01-04,2638.65,2650.0,2662.0,2640.0,2650.0,2657.1,2649.94,456541,1209806257.54,32647,264561,57.95,1,2018,0.6992211926553304,Slight Positive
163,TCS,EQ,2018-01-05,2657.1,2650.0,2699.5,2650.0,2695.0,2689.2,2684.95,576853,1548821462.35,30836,318083,55.14,1,2018,1.2080840013548588,Positive
164,TCS,EQ,2018-01-08,2689.2,2700.0,2726.85,2681.85,2708.8,2714.4,2709.74,621110,1683046611.3999999,43815,345599,55.64,1,2018,0.9370816599732379,Slight Positive
165,TCS,EQ,2018-01-09,2714.4,2715.0,2721.0,2676.55,2708.95,2709.0,2703.56,1074698,2905510524.88,47403,612650,57.01,1,2018,-0.19893899204244114,Slight or No change
166,TCS,EQ,2018-01-10,2709.0,2711.0,2816.0,2694.65,2803.0,2806.6,2763.3,1682925,4650426652.5,70764,699460,41.56,1,2018,3.6028054632705864,Among top gainers
167,TCS,EQ,2018-01-11,2806.6,2810.0,2821.9,2782.2,2792.5,2790.5,2796.58,1260524,3525156207.92,71604,578244,45.87,1,2018,-0.5736478301147319,Slight negative
168,TCS,EQ,2018-01-12,2790.5,2805.0,2805.0,2740.55,2769.9,2776.35,2764.28,1680157,4644424391.96,90884,472438,28.12,1,2018,-0.5070775846622522,Slight negative
169,TCS,EQ,2018-01-15,2776.35,2777.15,2808.0,2735.05,2737.4,2746.1,2768.32,728607,2017017330.24,49926,394675,54.17,1,2018,-1.0895600338574063,Negative
170,TCS,EQ,2018-01-16,2746.1,2756.0,2861.65,2750.55,2860.0,2850.85,2834.5,2133876,6048471522.0,85776,639155,29.95,1,2018,3.81450056443684,Among top gainers
171,TCS,EQ,2018-01-17,2850.85,2870.0,2925.0,2862.15,2895.0,2888.95,2900.36,2140403,6207939245.08,94873,965845,45.12,1,2018,1.3364435168458533,Positive
172,TCS,EQ,2018-01-18,2888.95,2897.0,2933.0,2868.05,2926.55,2918.2,2896.35,1104739,3199710802.65,51786,568379,51.45,1,2018,1.012478582183829,Positive
173,TCS,EQ,2018-01-19,2918.2,2930.55,2982.0,2903.65,2974.85,2959.3,2930.77,910000,2667000700.0,44039,436952,48.02,1,2018,1.4084024398602013,Positive
174,TCS,EQ,2018-01-22,2959.3,2961.0,3134.7,2922.0,3090.0,3116.4,3052.16,2183555,6664559228.799999,97757,663651,30.39,1,2018,5.308687865373574,Among top gainers
175,TCS,EQ,2018-01-23,3116.4,3114.95,3142.35,3090.05,3097.9,3102.0,3112.03,1619805,5040881754.150001,68887,705309,43.54,1,2018,-0.46207162110127875,Slight or No change
176,TCS,EQ,2018-01-24,3102.0,3090.0,3259.05,3082.65,3174.95,3174.6,3189.59,2810769,8965200694.710001,111512,862385,30.68,1,2018,2.3404255319148914,Positive
177,TCS,EQ,2018-01-25,3174.6,3175.0,3179.8,3081.0,3133.0,3121.05,3123.06,1916922,5986662421.32,72537,925615,48.29,1,2018,-1.6868266868266812,Negative
178,TCS,EQ,2018-01-29,3121.05,3131.4,3225.0,3122.0,3199.25,3198.85,3196.14,1570530,5019633754.2,94269,832172,52.99,1,2018,2.492750837058022,Positive
179,TCS,EQ,2018-01-30,3198.85,3180.0,3203.8,3143.7,3152.15,3152.85,3166.46,787379,2493204108.34,45149,384193,48.79,1,2018,-1.4380167872829253,Negative
180,TCS,EQ,2018-01-31,3152.85,3137.0,3150.0,3098.6,3111.15,3112.35,3119.14,1521607,4746105257.98,92438,978756,64.32,1,2018,-1.284552071934919,Negative
181,TCS,EQ,2018-02-01,3112.35,3124.0,3190.0,3088.8,3150.0,3138.6,3146.24,1200315,3776479065.6,66084,310672,25.88,2,2018,0.8434141404405127,Slight Positive
182,TCS,EQ,2018-02-02,3138.6,3120.0,3190.0,3103.45,3153.0,3153.65,3167.25,1228245,3890158976.25,52829,586030,47.71,2,2018,0.47951315873320244,Slight or No change
183,TCS,EQ,2018-02-05,3153.65,3110.0,3188.0,3076.85,3110.0,3103.2,3118.75,1378871,4300353931.25,75866,655249,47.52,2,2018,-1.5997336419704244,Negative
184,TCS,EQ,2018-02-06,3103.2,3010.0,3077.15,2985.0,3000.0,2997.25,3020.91,1328653,4013741134.23,53630,728147,54.8,2,2018,-3.414217581850987,Among top losers
185,TCS,EQ,2018-02-07,2997.25,3027.0,3031.0,2947.45,2959.0,2955.05,2975.26,1090162,3243515392.1200004,55520,506385,46.45,2,2018,-1.407957294186335,Negative
186,TCS,EQ,2018-02-08,2955.05,2979.75,3027.6,2959.0,2966.2,2974.2,3000.15,1377502,4132712625.3,63513,601956,43.7,2,2018,0.6480431803184361,Slight Positive
187,TCS,EQ,2018-02-09,2974.2,2950.0,2994.0,2896.65,2978.3,2971.7,2940.4,1051229,3091033751.6,71919,421771,40.12,2,2018,-0.08405621679778985,Slight or No change
188,TCS,EQ,2018-02-12,2971.7,2978.3,3023.35,2955.55,2960.15,2967.3,2981.33,987281,2943410463.73,49385,512025,51.86,2,2018,-0.14806339805497615,Slight or No change
189,TCS,EQ,2018-02-14,2967.3,2970.0,2974.45,2892.5,2900.0,2911.8,2939.65,1423766,4185373721.9,81932,880898,61.87,2,2018,-1.8703872207056937,Negative
190,TCS,EQ,2018-02-15,2911.8,2931.95,2943.0,2905.1,2922.0,2925.85,2925.44,1232618,3605950001.92,42920,702569,57.0,2,2018,0.48251940380519276,Slight or No change
191,TCS,EQ,2018-02-16,2925.85,2923.0,2999.6,2923.0,2931.0,2933.05,2965.52,1257878,3730262366.56,52987,425282,33.81,2,2018,0.24608233504794796,Slight or No change
192,TCS,EQ,2018-02-19,2933.05,2945.0,2953.3,2895.2,2923.65,2923.6,2928.1,784112,2295958347.2,37241,332759,42.44,2,2018,-0.3221902115545294,Slight or No change
193,TCS,EQ,2018-02-20,2923.6,2928.0,2985.05,2927.9,2943.0,2944.75,2959.27,944534,2795131130.18,60862,401169,42.47,2,2018,0.7234231769051913,Slight Positive
194,TCS,EQ,2018-02-21,2944.75,2974.0,3062.6,2960.05,3042.35,3042.3,3016.25,1544614,4658941977.5,96721,673804,43.62,2,2018,3.3126750997538146,Among top gainers
195,TCS,EQ,2018-02-22,3042.3,3052.0,3079.0,3022.5,3040.05,3050.2,3047.84,1731505,5277350199.2,83526,796578,46.0,2,2018,0.259671958715435,Slight or No change
196,TCS,EQ,2018-02-23,3050.2,3050.0,3089.0,2992.1,3078.0,3075.8,3044.72,1681250,5118935500.0,86645,706762,42.04,2,2018,0.8392892269359464,Slight Positive
197,TCS,EQ,2018-02-26,3075.8,3075.0,3089.95,3021.2,3025.6,3031.7,3044.1,681941,2075896598.1,45004,292334,42.87,2,2018,-1.4337733272644648,Negative
198,TCS,EQ,2018-02-27,3031.7,3041.0,3078.55,3032.0,3042.0,3042.35,3054.42,858900,2623441338.0,49207,299428,34.86,2,2018,0.3512880562061005,Slight or No change
199,TCS,EQ,2018-02-28,3042.35,3035.0,3063.95,3021.45,3033.4,3035.05,3040.16,1353432,4114649829.12,80437,861558,63.66,2,2018,-0.23994609430209035,Slight or No change
200,TCS,EQ,2018-03-01,3035.05,3049.0,3061.2,3020.0,3033.0,3037.7,3042.25,859062,2613481369.5,77493,522085,60.77,3,2018,0.08731322383486173,Slight or No change
201,TCS,EQ,2018-03-05,3037.7,3049.0,3113.65,3032.95,3103.0,3105.85,3075.76,1429084,4395519403.84,81638,785748,54.98,3,2018,2.2434736807453115,Positive
202,TCS,EQ,2018-03-06,3105.85,3122.0,3127.0,3030.15,3041.0,3042.8,3087.33,953382,2943404850.06,60270,469034,49.2,3,2018,-2.030040085644824,Negative
203,TCS,EQ,2018-03-07,3042.8,3070.0,3089.0,3018.5,3028.7,3027.45,3045.28,958886,2920076358.0800004,54736,437656,45.64,3,2018,-0.5044695675036293,Slight negative
204,TCS,EQ,2018-03-08,3027.45,3054.9,3054.9,2987.5,3001.85,3003.95,3017.6,975913,2944915068.7999997,43364,655914,67.21,3,2018,-0.7762308213182689,Slight negative
205,TCS,EQ,2018-03-09,3003.95,3005.0,3063.2,2977.2,3035.0,3034.1,3030.68,936218,2837377168.24,53978,310682,33.18,3,2018,1.0036784899881912,Positive
206,TCS,EQ,2018-03-12,3034.1,3043.0,3083.9,3035.5,3046.95,3052.15,3060.88,1045670,3200670389.6,46166,492433,47.09,3,2018,0.5949045845555556,Slight Positive
207,TCS,EQ,2018-03-13,3052.15,2924.9,2939.7,2872.0,2886.1,2886.8,2880.44,44033577,126836076533.88,216131,31556256,71.66,3,2018,-5.41749258719263,Among top losers
208,TCS,EQ,2018-03-14,2886.8,2892.95,2923.05,2875.05,2887.85,2886.9,2899.62,1834334,5318871553.08,75794,797351,43.47,3,2018,0.003464043231260483,Slight or No change
209,TCS,EQ,2018-03-15,2886.9,2895.0,2902.55,2855.6,2867.0,2869.7,2876.92,1174453,3378807324.76,53254,440516,37.51,3,2018,-0.595794797187299,Slight negative
210,TCS,EQ,2018-03-16,2869.7,2868.8,2872.0,2805.0,2828.0,2825.7,2834.32,3598741,10199983591.12,151066,2487922,69.13,3,2018,-1.533261316513923,Negative
211,TCS,EQ,2018-03-19,2825.7,2829.0,2848.0,2820.0,2828.75,2831.0,2832.48,1744970,4942592625.6,93179,1297258,74.34,3,2018,0.18756414339811123,Slight or No change
212,TCS,EQ,2018-03-20,2831.0,2820.0,2873.2,2819.0,2870.0,2864.85,2852.27,2012492,5740170556.84,79442,1433569,71.23,3,2018,1.1956905687036334,Positive
213,TCS,EQ,2018-03-21,2864.85,2872.5,2884.3,2850.0,2856.1,2856.75,2865.76,1953839,5599233652.64,88110,1528562,78.23,3,2018,-0.28273731608984276,Slight or No change
214,TCS,EQ,2018-03-22,2856.75,2859.95,2875.95,2822.55,2824.0,2831.35,2843.57,1163047,3307205557.79,72687,876317,75.35,3,2018,-0.8891222543099708,Slight negative
215,TCS,EQ,2018-03-23,2831.35,2802.0,2834.1,2798.05,2809.2,2818.15,2816.79,1827061,5146447154.19,77575,1259843,68.95,3,2018,-0.46620869903049034,Slight or No change
216,TCS,EQ,2018-03-26,2818.15,2819.0,2827.4,2781.55,2817.0,2817.0,2812.33,1482105,4168168354.65,76911,1046954,70.64,3,2018,-0.040806912336111,Slight or No change
217,TCS,EQ,2018-03-27,2817.0,2825.0,2863.0,2823.05,2843.8,2847.7,2845.6,1247287,3549279887.2,101404,867902,69.58,3,2018,1.0898118565850101,Positive
218,TCS,EQ,2018-03-28,2847.7,2835.9,2875.0,2825.0,2849.35,2849.15,2854.33,3432827,9798421090.91,127771,2654970,77.34,3,2018,0.050918284931711355,Slight or No change
219,TCS,EQ,2018-04-02,2849.15,2840.0,2914.0,2840.0,2903.0,2909.65,2888.94,831494,2402136276.36,67851,428437,51.53,4,2018,2.1234403243072464,Positive
220,TCS,EQ,2018-04-03,2909.65,2892.1,2929.9,2892.1,2908.4,2911.25,2907.92,968645,2816742168.4,49338,665363,68.69,4,2018,0.05498943171859949,Slight or No change
221,TCS,EQ,2018-04-04,2911.25,2929.45,2934.0,2892.0,2906.9,2910.9,2914.91,1420910,4141824768.1,73678,1068225,75.18,4,2018,-0.012022327179039838,Slight or No change
222,TCS,EQ,2018-04-05,2910.9,2926.55,2963.75,2920.35,2954.1,2957.95,2949.56,904712,2668502326.72,50519,619923,68.52,4,2018,1.616338589439681,Positive
223,TCS,EQ,2018-04-06,2957.95,2954.0,2960.0,2926.55,2939.7,2950.3,2943.69,564509,1661739498.21,35618,327149,57.95,4,2018,-0.2586250612755303,Slight or No change
224,TCS,EQ,2018-04-09,2950.3,2939.7,2963.5,2915.0,2925.05,2923.9,2936.88,617933,1814795069.04,61304,377241,61.05,4,2018,-0.8948242551604979,Slight negative
225,TCS,EQ,2018-04-10,2923.9,2925.7,2957.25,2925.7,2933.4,2937.6,2943.58,592266,1743382352.28,56834,369579,62.4,4,2018,0.4685522760696337,Slight or No change
226,TCS,EQ,2018-04-11,2937.6,2950.6,3025.0,2945.6,3010.0,3014.15,2987.68,1562208,4667377597.44,79572,982143,62.87,4,2018,2.605868736383443,Positive
227,TCS,EQ,2018-04-12,3014.15,3010.0,3150.0,3007.95,3136.0,3139.25,3116.29,3057180,9527059462.2,138550,1663392,54.41,4,2018,4.150423834248462,Among top gainers
228,TCS,EQ,2018-04-13,3139.25,3150.0,3240.8,3132.1,3145.5,3153.3,3181.37,4089559,13010400315.83,147501,2142872,52.4,4,2018,0.44755913036553796,Slight or No change
229,TCS,EQ,2018-04-16,3153.3,3116.0,3199.95,3110.75,3185.05,3187.65,3169.39,3135137,9936471856.43,142448,1707483,54.46,4,2018,1.0893349823993814,Positive
230,TCS,EQ,2018-04-17,3187.65,3187.65,3194.95,3147.2,3163.6,3166.6,3165.81,1650862,5226315428.22,119475,1077647,65.28,4,2018,-0.6603610810471672,Slight negative
231,TCS,EQ,2018-04-18,3166.6,3166.0,3193.45,3145.85,3162.7,3159.1,3166.57,1216533,3852236901.8100004,57846,674167,55.42,4,2018,-0.23684709151771122,Slight or No change
232,TCS,EQ,2018-04-19,3159.1,3179.9,3217.2,3165.75,3191.15,3191.15,3190.56,2410476,7690768306.559999,108523,1295094,53.73,4,2018,1.0145294545915062,Positive
233,TCS,EQ,2018-04-20,3191.15,3250.0,3422.35,3240.0,3414.0,3402.45,3351.07,9232831,30939862979.170002,287034,2973300,32.2,4,2018,6.621437412844888,Among top gainers
234,TCS,EQ,2018-04-23,3402.45,3424.0,3557.9,3389.55,3395.9,3408.65,3478.05,7592955,26408677137.75,296796,2307114,30.38,4,2018,0.18222163441050654,Slight or No change
235,TCS,EQ,2018-04-24,3408.65,3410.0,3443.15,3342.5,3380.0,3385.65,3385.7,4157168,14074923697.599998,191406,1852622,44.56,4,2018,-0.6747539348422427,Slight negative
236,TCS,EQ,2018-04-25,3385.65,3385.0,3483.0,3365.05,3466.0,3470.25,3445.24,4098287,14119582303.88,186272,1646688,40.18,4,2018,2.498781622435864,Positive
237,TCS,EQ,2018-04-26,3470.25,3467.0,3560.0,3467.0,3523.95,3539.25,3528.84,6067517,21411296690.280003,155107,3148760,51.9,4,2018,1.9883293710827754,Positive
238,TCS,EQ,2018-04-27,3539.25,3525.0,3544.0,3420.0,3458.0,3451.95,3475.49,2250665,7822163700.849999,143297,1128370,50.13,4,2018,-2.466624284806107,Negative
239,TCS,EQ,2018-04-30,3451.95,3451.95,3549.0,3437.6,3529.0,3532.1,3523.56,1729279,6093218313.24,109746,740868,42.84,4,2018,2.32187604107823,Positive
240,TCS,EQ,2018-05-02,3532.1,3530.5,3532.2,3471.3,3500.0,3499.75,3496.99,1579023,5521827640.7699995,142452,1035607,65.59,5,2018,-0.9158857336994952,Slight negative
241,TCS,EQ,2018-05-03,3499.75,3509.8,3526.0,3470.4,3481.75,3481.85,3501.58,1880775,6585684124.5,132523,1146691,60.97,5,2018,-0.5114651046503327,Slight negative
242,TCS,EQ,2018-05-04,3481.85,3492.0,3497.0,3470.0,3479.0,3480.75,3485.14,1173622,4090236977.08,60186,697005,59.39,5,2018,-0.031592400591640146,Slight or No change
243,TCS,EQ,2018-05-07,3480.75,3490.0,3490.0,3410.9,3428.0,3420.95,3438.41,1742213,5990442601.33,95521,1155927,66.35,5,2018,-1.7180205415499583,Negative
244,TCS,EQ,2018-05-08,3420.95,3434.7,3486.5,3396.7,3440.2,3441.2,3447.8,1496410,5159322398.0,75803,710340,47.47,5,2018,0.5919408351481303,Slight Positive
245,TCS,EQ,2018-05-09,3441.2,3440.2,3494.75,3440.2,3488.5,3489.3,3480.95,1307525,4551429148.75,74986,754487,57.7,5,2018,1.3977682203882402,Positive
246,TCS,EQ,2018-05-10,3489.3,3502.95,3511.15,3440.2,3446.3,3451.25,3478.59,1929339,6711379352.01,78782,1044165,54.12,5,2018,-1.0904765998910992,Negative
247,TCS,EQ,2018-05-11,3451.25,3454.2,3485.0,3442.5,3461.0,3456.95,3461.07,1313938,4547631393.66,44332,734225,55.88,5,2018,0.16515755161172763,Slight or No change
248,TCS,EQ,2018-05-14,3456.95,3457.0,3471.0,3410.8,3440.0,3433.55,3427.81,1216947,4171463096.07,67155,738191,60.66,5,2018,-0.6768972649300542,Slight negative
249,TCS,EQ,2018-05-15,3433.55,3450.0,3495.8,3433.7,3487.0,3482.4,3477.97,976445,3396046416.6499996,72769,426098,43.64,5,2018,1.4227257503167223,Positive
250,TCS,EQ,2018-05-16,3482.4,3479.95,3509.0,3475.25,3497.0,3493.9,3494.21,824225,2880015237.25,62359,462112,56.07,5,2018,0.3302320238915746,Slight or No change
251,TCS,EQ,2018-05-17,3493.9,3512.95,3533.15,3476.0,3480.8,3491.8,3509.69,1484024,5208464192.56,147144,968752,65.28,5,2018,-0.0601047539998234,Slight or No change
252,TCS,EQ,2018-05-18,3491.8,3480.8,3517.7,3458.0,3495.0,3502.05,3487.86,937498,3269861774.28,71488,518150,55.27,5,2018,0.2935448765679638,Slight or No change
253,TCS,EQ,2018-05-21,3502.05,3528.7,3592.0,3518.05,3551.8,3556.75,3567.15,1723089,6146516926.35,113610,883903,51.3,5,2018,1.561942290943863,Positive
254,TCS,EQ,2018-05-22,3556.75,3558.0,3574.95,3493.7,3514.4,3508.9,3520.43,928708,3269451504.44,71360,523307,56.35,5,2018,-1.345329303437126,Negative
255,TCS,EQ,2018-05-23,3508.9,3525.0,3545.0,3481.0,3498.95,3495.1,3513.84,753649,2648202002.1600003,65699,407054,54.01,5,2018,-0.3932856450739597,Slight or No change
256,TCS,EQ,2018-05-24,3495.1,3510.0,3615.0,3502.35,3610.75,3603.7,3579.69,1481158,5302086481.02,78667,655097,44.23,5,2018,3.1072072329833222,Among top gainers
257,TCS,EQ,2018-05-25,3603.7,3625.0,3674.8,3572.55,3589.9,3585.8,3633.11,1884886,6847998175.46,142355,954659,50.65,5,2018,-0.4967117129616727,Slight or No change
258,TCS,EQ,2018-05-28,3585.8,3616.5,3616.5,3486.0,3499.35,3502.05,3516.38,1858399,6534837075.62,142950,1041835,56.06,5,2018,-2.3356015394054297,Negative
259,TCS,EQ,2018-05-29,3502.05,3529.9,3544.0,3488.0,3519.95,3523.5,3517.42,1762656,6200001467.52,101072,834822,47.36,5,2018,0.6124983937979112,Slight Positive
260,TCS,EQ,2018-05-30,3523.5,3509.05,3533.0,3482.5,3507.5,3514.1,3508.9,1889553,6630252521.7,125085,1124217,59.5,5,2018,-0.2667801901518385,Slight or No change
261,TCS,EQ,2018-05-31,3514.1,1734.0,1759.05,1726.1,1748.85,1741.05,1742.44,5049371,8798226005.24,207998,3447026,68.27,5,2018,-50.455308613869846,Bear drop
262,TCS,EQ,2018-06-01,1741.05,1754.0,1757.5,1716.3,1732.0,1732.45,1742.29,1603856,2794382270.24,74272,924751,57.66,6,2018,-0.4939547973923708,Slight or No change
263,TCS,EQ,2018-06-04,1732.45,1745.0,1749.0,1712.6,1742.0,1744.25,1730.25,1681483,2909385960.75,96686,928452,55.22,6,2018,0.6811163381338581,Slight Positive
264,TCS,EQ,2018-06-05,1744.25,1744.0,1751.9,1711.15,1723.0,1721.6,1728.88,2449568,4235009123.84,133067,1492228,60.92,6,2018,-1.2985523864124993,Negative
265,TCS,EQ,2018-06-06,1721.6,1723.0,1734.9,1715.2,1725.0,1725.75,1725.85,2236512,3859884235.2,73770,1573892,70.37,6,2018,0.2410548327137496,Slight or No change
266,TCS,EQ,2018-06-07,1725.75,1725.0,1749.0,1723.8,1734.05,1735.55,1738.0,2414762,4196856356.0,105531,1639426,67.89,6,2018,0.5678690424453015,Slight Positive
267,TCS,EQ,2018-06-08,1735.55,1735.0,1757.3,1735.0,1742.95,1747.1,1748.59,2582138,4515100685.42,90908,1640936,63.55,6,2018,0.6654950880124355,Slight Positive
268,TCS,EQ,2018-06-11,1747.1,1747.1,1763.0,1743.0,1750.9,1749.7,1752.55,2179378,3819468913.9,104681,1659838,76.16,6,2018,0.14881804132562682,Slight or No change
269,TCS,EQ,2018-06-12,1749.7,1757.0,1785.0,1753.0,1781.05,1781.0,1773.52,4608875,8173931990.0,108707,3580858,77.69,6,2018,1.788878093387436,Positive
270,TCS,EQ,2018-06-13,1781.0,1816.0,1831.65,1798.0,1824.0,1824.1,1818.17,5370983,9765360161.11,236378,2862488,53.3,6,2018,2.4199887703537204,Positive
271,TCS,EQ,2018-06-14,1824.1,1830.0,1832.3,1784.0,1784.95,1787.55,1795.49,3819998,6858768209.02,185231,2405344,62.97,6,2018,-2.003727865796834,Negative
272,TCS,EQ,2018-06-15,1787.55,1800.0,1847.1,1788.6,1840.0,1840.05,1823.42,9183574,16745512503.08,232555,4247203,46.25,6,2018,2.936980783754306,Positive
273,TCS,EQ,2018-06-18,1840.05,1867.95,1867.95,1822.15,1824.0,1829.0,1840.85,4674987,8605949818.949999,212032,2287621,48.93,6,2018,-0.600527159588049,Slight negative
274,TCS,EQ,2018-06-19,1829.0,1822.15,1839.0,1821.0,1822.9,1824.5,1829.83,3245034,5937860564.219999,139033,1712806,52.78,6,2018,-0.24603608529251142,Slight or No change
275,TCS,EQ,2018-06-20,1824.5,1832.0,1836.3,1818.6,1820.0,1822.45,1828.68,3107695,5682979692.6,151059,2297300,73.92,6,2018,-0.11235955056179137,Slight or No change
276,TCS,EQ,2018-06-21,1822.45,1832.0,1832.0,1817.6,1820.0,1819.35,1822.83,2910659,5305636544.969999,130989,2119842,72.83,6,2018,-0.17010068863344552,Slight or No change
277,TCS,EQ,2018-06-22,1819.35,1827.0,1827.0,1799.55,1809.0,1809.8,1810.38,2949458,5339639774.04,225703,2149173,72.87,6,2018,-0.5249127435622558,Slight negative
278,TCS,EQ,2018-06-25,1809.8,1811.9,1822.35,1806.0,1817.75,1819.25,1817.52,2083217,3786288561.84,115086,1348047,64.71,6,2018,0.5221571444358419,Slight Positive
279,TCS,EQ,2018-06-26,1819.25,1823.0,1861.0,1821.0,1852.05,1852.0,1842.52,4679712,8622462954.24,160270,3197021,68.32,6,2018,1.8001923869726433,Positive
280,TCS,EQ,2018-06-27,1852.0,1860.0,1885.15,1851.25,1857.5,1858.0,1870.51,4081208,7633940376.08,163411,1967182,48.2,6,2018,0.3239740820734305,Slight or No change
281,TCS,EQ,2018-06-28,1858.0,1865.0,1871.0,1826.3,1844.1,1842.7,1846.23,4888125,9024603018.75,176902,3110366,63.63,6,2018,-0.8234660925726556,Slight negative
282,TCS,EQ,2018-06-29,1842.7,1844.9,1867.4,1842.3,1844.95,1847.75,1851.25,3506276,6490993445.0,213525,2265670,64.62,6,2018,0.27405437672980426,Slight or No change
283,TCS,EQ,2018-07-02,1847.75,1852.0,1857.8,1841.1,1854.05,1851.35,1852.0,2650290,4908337080.0,137325,1969574,74.32,7,2018,0.19483155188741996,Slight or No change
284,TCS,EQ,2018-07-03,1851.35,1859.95,1879.9,1857.05,1874.25,1874.05,1872.16,3242233,6069978933.280001,191297,2047537,63.15,7,2018,1.22613228184838,Positive
285,TCS,EQ,2018-07-04,1874.05,1879.9,1879.9,1857.15,1867.0,1866.15,1863.61,2700614,5032891256.54,116958,1997832,73.98,7,2018,-0.42154691710465375,Slight or No change
286,TCS,EQ,2018-07-05,1866.15,1873.0,1887.5,1862.1,1883.8,1880.3,1874.33,2472571,4634414002.429999,94620,1580212,63.91,7,2018,0.758245585831796,Slight Positive
287,TCS,EQ,2018-07-06,1880.3,1882.85,1921.0,1881.65,1917.75,1912.95,1907.65,3713781,7084594324.650001,143673,2110559,56.83,7,2018,1.7364250385576874,Positive
288,TCS,EQ,2018-07-09,1912.95,1924.0,1924.4,1876.5,1884.2,1883.0,1888.15,6151747,11615421098.050001,193730,4089052,66.47,7,2018,-1.5656446849107386,Negative
289,TCS,EQ,2018-07-10,1883.0,1898.0,1898.9,1870.75,1876.05,1875.1,1881.79,5303302,9979700670.58,187687,3366084,63.47,7,2018,-0.4195432819968148,Slight or No change
290,TCS,EQ,2018-07-11,1875.1,1900.0,1998.0,1894.15,1970.0,1979.9,1951.99,22903802,44707992465.98,482657,9308170,40.64,7,2018,5.589035251453267,Among top gainers
291,TCS,EQ,2018-07-12,1979.9,1984.0,1990.9,1960.5,1973.0,1971.35,1972.52,6921701,13653193656.52,204057,3235315,46.74,7,2018,-0.4318399919187921,Slight or No change
292,TCS,EQ,2018-07-13,1971.35,1975.0,1997.9,1974.0,1977.6,1981.1,1986.23,4148185,8239249492.55,146909,1571340,37.88,7,2018,0.49458492910949836,Slight or No change
293,TCS,EQ,2018-07-16,1981.1,1990.0,1996.0,1977.45,1988.85,1989.2,1988.74,2582159,5135242889.66,112338,1428885,55.34,7,2018,0.4088637625561553,Slight or No change
294,TCS,EQ,2018-07-17,1989.2,1989.0,2009.0,1981.0,2000.0,2002.15,1994.6,3315492,6613080343.2,105130,2074936,62.58,7,2018,0.6510154836115056,Slight Positive
295,TCS,EQ,2018-07-18,2002.15,2005.0,2011.7,1993.05,2000.0,2000.25,2000.88,2013869,4029510204.7200003,93022,1182682,58.73,7,2018,-0.09489798466648658,Slight or No change
296,TCS,EQ,2018-07-19,2000.25,2002.1,2010.45,1970.0,1986.0,1981.4,1984.27,1746318,3465166417.86,81270,806524,46.18,7,2018,-0.9423822022247119,Slight negative
297,TCS,EQ,2018-07-20,1981.4,1984.9,2000.0,1984.0,1998.1,1996.6,1993.61,1934995,3857625381.95,97910,1145691,59.21,7,2018,0.7671343494498828,Slight Positive
298,TCS,EQ,2018-07-23,1996.6,2001.0,2009.95,1986.0,2001.1,2005.65,2005.83,2086201,4184564551.83,88812,1490091,71.43,7,2018,0.4532705599519238,Slight or No change
299,TCS,EQ,2018-07-24,2005.65,2015.0,2015.0,1984.15,1996.45,1999.0,1998.52,2038423,4073829133.96,96571,1388444,68.11,7,2018,-0.33156333358262957,Slight or No change
300,TCS,EQ,2018-07-25,1999.0,2001.9,2002.0,1968.4,1977.5,1981.5,1979.25,1535492,3039122541.0,92993,878512,57.21,7,2018,-0.8754377188594287,Slight negative
301,TCS,EQ,2018-07-26,1981.5,1974.95,1985.0,1955.1,1956.0,1964.7,1968.67,3503036,6896321882.12,110618,2533158,72.31,7,2018,-0.8478425435276327,Slight negative
302,TCS,EQ,2018-07-27,1964.7,1960.85,1964.65,1940.3,1943.75,1943.75,1948.53,2033977,3963265203.81,103516,1389322,68.31,7,2018,-1.066320557845979,Negative
303,TCS,EQ,2018-07-30,1943.75,1943.0,1954.7,1931.55,1944.3,1944.6,1942.3,1579251,3067379217.2999997,74802,862487,54.61,7,2018,0.04372990353698203,Slight or No change
304,TCS,EQ,2018-07-31,1944.6,1942.0,1947.0,1928.0,1947.0,1940.2,1934.85,2204803,4265963084.5499997,125163,1494920,67.8,7,2018,-0.22626761287667385,Slight or No change
305,TCS,EQ,2018-08-01,1940.2,1949.95,1981.55,1949.8,1973.0,1976.5,1972.85,2425180,4784516363.0,94019,1409120,58.1,8,2018,1.8709411400886555,Positive
306,TCS,EQ,2018-08-02,1976.5,1980.0,1985.0,1945.0,1947.5,1948.4,1960.41,1509287,2958821327.67,85680,842778,55.84,8,2018,-1.4217050341512771,Negative
307,TCS,EQ,2018-08-03,1948.4,1956.5,1982.05,1956.5,1978.0,1979.45,1973.58,1505131,2970496438.98,91920,938806,62.37,8,2018,1.5936152740710252,Positive
308,TCS,EQ,2018-08-06,1979.45,1997.0,1998.95,1972.25,1975.05,1975.55,1981.25,1532249,3035768331.25,62917,920478,60.07,8,2018,-0.1970244259769216,Slight or No change
309,TCS,EQ,2018-08-07,1975.55,1978.2,1979.15,1960.5,1969.0,1967.35,1967.34,1353560,2662912730.4,95485,914572,67.57,8,2018,-0.4150742831110388,Slight or No change
310,TCS,EQ,2018-08-08,1967.35,1972.0,1978.3,1962.0,1975.0,1974.0,1969.57,1315062,2590106663.34,78555,902368,68.62,8,2018,0.33801814623732884,Slight or No change
311,TCS,EQ,2018-08-09,1974.0,1980.0,1980.8,1966.0,1978.0,1974.35,1974.51,2060297,4068077029.47,88956,1627842,79.01,8,2018,0.017730496453904898,Slight or No change
312,TCS,EQ,2018-08-10,1974.35,1980.95,1996.5,1972.05,1992.0,1993.1,1985.67,2784105,5528313775.35,105306,2064227,74.14,8,2018,0.9496796414009578,Slight Positive
313,TCS,EQ,2018-08-13,1993.1,1997.8,2004.25,1990.0,1999.5,2000.15,1998.04,3559575,7112173233.0,176860,2630963,73.91,8,2018,0.3537203351563045,Slight or No change
314,TCS,EQ,2018-08-14,2000.15,1992.0,2024.6,1982.4,2000.0,2003.55,2010.34,3311765,6657773650.099999,120349,1934826,58.42,8,2018,0.16998725095616063,Slight or No change
315,TCS,EQ,2018-08-16,2003.55,2000.3,2020.05,1995.0,2009.1,2008.5,2008.49,2152065,4322401031.85,153660,1390016,64.59,8,2018,0.24706146589803524,Slight or No change
316,TCS,EQ,2018-08-17,2008.5,2013.85,2021.9,2004.0,2010.0,2012.75,2012.85,1213731,2443058443.35,114738,719022,59.24,8,2018,0.21160069703758388,Slight or No change
317,TCS,EQ,2018-08-20,2012.75,2024.0,2024.0,2003.7,2014.15,2009.95,2011.43,1587032,3192203775.76,125610,1020783,64.32,8,2018,-0.13911315364550925,Slight or No change
318,TCS,EQ,2018-08-21,2009.95,2010.15,2024.0,2004.0,2014.0,2017.65,2015.38,1376866,2774908199.08,67624,826204,60.01,8,2018,0.38309410681858225,Slight or No change
319,TCS,EQ,2018-08-23,2017.65,2022.8,2038.0,2020.3,2033.9,2035.1,2030.81,3046791,6187453630.71,147069,2229341,73.17,8,2018,0.8648675439248521,Slight Positive
320,TCS,EQ,2018-08-24,2035.1,2035.1,2046.0,2031.0,2041.6,2043.0,2041.86,1570533,3206808511.3799996,89779,1071112,68.2,8,2018,0.38818731266276885,Slight or No change
321,TCS,EQ,2018-08-27,2043.0,2043.0,2059.0,2035.0,2050.05,2050.9,2051.79,1532702,3144782636.58,95164,1066284,69.57,8,2018,0.38668624571709387,Slight or No change
322,TCS,EQ,2018-08-28,2050.9,2055.0,2072.0,2052.0,2069.95,2069.2,2065.5,1987983,4106178886.5,108533,1297603,65.27,8,2018,0.8922911892339735,Slight Positive
323,TCS,EQ,2018-08-29,2069.2,2072.5,2076.6,2045.6,2073.25,2072.0,2065.1,1525867,3151067941.7,88327,896703,58.77,8,2018,0.13531799729364913,Slight or No change
324,TCS,EQ,2018-08-30,2072.0,2068.0,2085.0,2065.5,2081.25,2082.4,2078.06,2408020,5004010041.2,125517,1793156,74.47,8,2018,0.5019305019305031,Slight Positive
325,TCS,EQ,2018-08-31,2082.4,2082.3,2092.0,2074.0,2078.0,2078.4,2082.1,2504554,5214731883.4,137612,1422197,56.78,8,2018,-0.19208605455244276,Slight or No change
326,TCS,EQ,2018-09-03,2078.4,2084.8,2090.0,2048.4,2050.3,2052.9,2072.5,1439711,2983801047.5,66713,816070,56.68,9,2018,-1.2269053117782924,Negative
327,TCS,EQ,2018-09-04,2052.9,2059.8,2104.75,2056.95,2100.0,2098.9,2093.77,4420803,9256144697.31,272369,2931637,66.31,9,2018,2.2407326221442814,Positive
328,TCS,EQ,2018-09-05,2098.9,2100.0,2107.25,2075.05,2077.0,2079.25,2086.52,1681106,3507661291.12,125377,1034014,61.51,9,2018,-0.9362046786411948,Slight negative
329,TCS,EQ,2018-09-06,2079.25,2075.0,2081.5,2060.3,2074.5,2075.3,2070.41,2238097,4633778409.7699995,123504,1585975,70.86,9,2018,-0.1899723457977509,Slight or No change
330,TCS,EQ,2018-09-07,2075.3,2079.3,2084.0,2065.4,2078.75,2079.85,2076.27,1312182,2724444121.14,91094,898428,68.47,9,2018,0.21924541030211575,Slight or No change
331,TCS,EQ,2018-09-10,2079.85,2084.4,2093.4,2074.25,2084.0,2080.75,2083.98,1530539,3189612665.22,96119,1177046,76.9,9,2018,0.04327235137149277,Slight or No change
332,TCS,EQ,2018-09-11,2080.75,2089.0,2089.0,2042.2,2045.15,2046.25,2055.93,3679745,7565298137.849999,153230,2033267,55.26,9,2018,-1.6580559894268876,Negative
333,TCS,EQ,2018-09-12,2046.25,2052.35,2068.9,2040.0,2045.0,2043.95,2048.93,2307661,4728235852.73,135528,1632725,70.75,9,2018,-0.11240073304825682,Slight or No change
334,TCS,EQ,2018-09-14,2043.95,2044.0,2071.55,2018.15,2066.95,2065.4,2042.02,3642038,7437114436.76,160266,2334308,64.09,9,2018,1.0494385870495782,Positive
335,TCS,EQ,2018-09-17,2065.4,2070.0,2077.8,2054.55,2072.0,2074.15,2067.17,1033857,2137158174.69,66371,547913,53.0,9,2018,0.4236467512346298,Slight or No change
336,TCS,EQ,2018-09-18,2074.15,2073.0,2078.8,2057.6,2074.0,2070.75,2069.75,1456507,3014605363.25,77936,978158,67.16,9,2018,-0.16392257069161031,Slight or No change
337,TCS,EQ,2018-09-19,2070.75,2071.9,2089.0,2066.85,2076.0,2077.9,2081.53,1301268,2708628380.0400004,122321,893572,68.67,9,2018,0.3452855245684061,Slight or No change
338,TCS,EQ,2018-09-21,2077.9,2077.0,2121.0,2050.15,2111.9,2103.15,2083.75,4508530,9394649387.5,163985,3097568,68.7,9,2018,1.215169161172347,Positive
339,TCS,EQ,2018-09-24,2103.15,2115.0,2210.5,2098.15,2208.0,2198.45,2168.27,3032226,6574684669.0199995,134605,1315871,43.4,9,2018,4.531298290659236,Among top gainers
340,TCS,EQ,2018-09-25,2198.45,2204.9,2211.9,2153.8,2183.1,2183.2,2186.15,2868778,6271579024.7,141519,1361286,47.45,9,2018,-0.69367054060816,Slight negative
341,TCS,EQ,2018-09-26,2183.2,2187.0,2199.0,2135.1,2147.15,2142.15,2161.8,1970951,4260801871.8,95921,1029552,52.24,9,2018,-1.8802674972517308,Negative
342,TCS,EQ,2018-09-27,2142.15,2141.9,2209.7,2135.8,2185.0,2188.85,2175.57,3311802,7205057077.14,110444,2154576,65.06,9,2018,2.1800527507410683,Positive
343,TCS,EQ,2018-09-28,2188.85,2178.0,2190.0,2158.85,2186.0,2183.7,2177.54,2904371,6324384027.34,150520,1991218,68.56,9,2018,-0.2352833679786226,Slight or No change
344,TCS,EQ,2018-10-01,2183.7,2190.9,2275.95,2190.35,2250.3,2255.55,2242.36,3772208,8458648330.88,201352,1984270,52.6,10,2018,3.2902871273526646,Among top gainers
345,TCS,EQ,2018-10-03,2255.55,2250.3,2255.0,2155.6,2156.65,2162.85,2195.08,3902322,8565908975.759999,205361,2169318,55.59,10,2018,-4.1098623395624205,Among top losers
346,TCS,EQ,2018-10-04,2162.85,2156.6,2156.65,2056.35,2063.0,2064.8,2084.35,4762419,9926548042.65,190870,2569525,53.95,10,2018,-4.533370321566443,Among top losers
347,TCS,EQ,2018-10-05,2064.8,2050.0,2120.0,2020.9,2100.0,2102.65,2079.05,3417624,7105411177.200001,141442,1731277,50.66,10,2018,1.8331073227431105,Positive
348,TCS,EQ,2018-10-08,2102.65,2102.65,2122.2,2048.15,2077.4,2077.55,2074.99,2010154,4171049448.4599996,133651,757445,37.68,10,2018,-1.1937317194968156,Negative
349,TCS,EQ,2018-10-09,2077.55,2080.35,2107.65,2053.2,2093.2,2091.8,2086.07,1867130,3894963879.1000004,95316,945345,50.63,10,2018,0.685904069697485,Slight Positive
350,TCS,EQ,2018-10-10,2091.8,2100.0,2105.95,2029.0,2044.0,2043.6,2063.1,2749573,5672644056.3,185433,1502793,54.66,10,2018,-2.3042355865761643,Negative
351,TCS,EQ,2018-10-11,2043.6,1985.0,2013.0,1941.0,1995.0,1979.95,1984.8,4700256,9329068108.8,217064,2021364,43.01,10,2018,-3.1146016833039636,Among top losers
352,TCS,EQ,2018-10-12,1979.95,1978.0,1978.0,1903.0,1920.0,1918.3,1927.35,9373289,18065608554.149998,337356,2762121,29.47,10,2018,-3.113714992802852,Among top losers
353,TCS,EQ,2018-10-15,1918.3,1940.0,1955.55,1920.0,1954.6,1949.5,1939.74,2638151,5117327020.74,102337,763748,28.95,10,2018,1.6264400771516474,Positive
354,TCS,EQ,2018-10-16,1949.5,1958.0,1971.9,1935.0,1964.05,1962.3,1952.66,2815425,5497567780.5,116402,1452366,51.59,10,2018,0.6565786098999826,Slight Positive
355,TCS,EQ,2018-10-17,1962.3,1970.0,1989.0,1920.0,1930.0,1929.4,1945.4,2779207,5406669297.8,149723,1740869,62.64,10,2018,-1.6766039851194958,Negative
356,TCS,EQ,2018-10-19,1929.4,1929.0,1929.0,1870.05,1920.0,1913.2,1896.96,3428776,6504250920.96,152721,2021191,58.95,10,2018,-0.839639266093084,Slight negative
357,TCS,EQ,2018-10-22,1913.2,1914.0,1916.0,1886.95,1900.25,1903.0,1903.03,1778496,3384531242.88,104583,1098447,61.76,10,2018,-0.5331381977838223,Slight negative
358,TCS,EQ,2018-10-23,1903.0,1888.0,1898.0,1837.0,1847.75,1843.65,1865.59,2752811,5135616673.49,150962,1768972,64.26,10,2018,-3.118759852863895,Among top losers
359,TCS,EQ,2018-10-24,1843.65,1852.05,1874.0,1811.1,1865.5,1848.5,1841.95,2735913,5039414950.35,143163,1233577,45.09,10,2018,0.26306511539608834,Slight or No change
360,TCS,EQ,2018-10-25,1848.5,1844.0,1876.9,1825.05,1845.0,1853.0,1859.3,2507233,4661698316.9,160372,1384218,55.21,10,2018,0.24344062753582918,Slight or No change
361,TCS,EQ,2018-10-26,1853.0,1853.9,1853.9,1791.1,1796.0,1799.1,1813.56,2285970,4145743753.2,166483,1227023,53.68,10,2018,-2.908796546141401,Negative
362,TCS,EQ,2018-10-29,1799.1,1808.7,1877.95,1784.35,1866.0,1871.0,1832.62,2609483,4782190735.46,119651,1435920,55.03,10,2018,3.9964426657773444,Among top gainers
363,TCS,EQ,2018-10-30,1871.0,1867.0,1909.4,1845.0,1894.0,1894.8,1890.59,2404883,4546647750.97,125360,1105832,45.98,10,2018,1.2720470336718304,Positive
364,TCS,EQ,2018-10-31,1894.8,1900.0,1943.9,1875.45,1934.6,1938.15,1915.93,2769190,5305574196.7,155493,1465913,52.94,10,2018,2.287840405319841,Positive
365,TCS,EQ,2018-11-01,1938.15,1943.65,1944.35,1901.3,1928.0,1935.75,1918.75,2769759,5314475081.25,136593,1759583,63.53,11,2018,-0.12382942496711458,Slight or No change
366,TCS,EQ,2018-11-02,1935.75,1934.2,1954.6,1905.0,1913.45,1913.45,1926.04,1818635,3502763755.4,89292,770182,42.35,11,2018,-1.1520082655301578,Negative
367,TCS,EQ,2018-11-05,1913.45,1910.0,1927.35,1884.75,1894.0,1890.85,1901.41,1713366,3257811246.06,97267,932470,54.42,11,2018,-1.1811126499255309,Negative
368,TCS,EQ,2018-11-06,1890.85,1894.0,1937.5,1891.0,1930.0,1932.7,1926.88,1398710,2695146324.8,81458,581307,41.56,11,2018,2.213290319168637,Positive
369,TCS,EQ,2018-11-07,1932.7,1940.0,1949.0,1937.0,1941.0,1942.15,1942.26,144530,280714837.8,9190,41471,28.69,11,2018,0.4889532777978989,Slight or No change
370,TCS,EQ,2018-11-09,1942.15,1961.0,1961.95,1905.0,1908.0,1909.2,1918.61,2570479,4931746714.19,201582,1692526,65.84,11,2018,-1.6965733851659226,Negative
371,TCS,EQ,2018-11-12,1909.2,1908.5,1946.1,1908.5,1917.8,1914.85,1928.01,2552008,4920296944.08,94374,1323167,51.85,11,2018,0.29593547035406953,Slight or No change
372,TCS,EQ,2018-11-13,1914.85,1915.0,1939.0,1903.0,1936.2,1934.95,1927.95,1418432,2734665974.4,60182,724102,51.05,11,2018,1.049690576285367,Positive
373,TCS,EQ,2018-11-14,1934.95,1925.0,1929.9,1870.0,1880.0,1880.65,1883.81,2422318,4563186871.58,112536,1410903,58.25,11,2018,-2.8062740639292927,Negative
374,TCS,EQ,2018-11-15,1880.65,1864.0,1899.0,1857.6,1877.0,1872.85,1881.5,1829123,3441494924.5,132944,746855,40.83,11,2018,-0.4147502193390662,Slight or No change
375,TCS,EQ,2018-11-16,1872.85,1889.0,1899.8,1870.25,1889.0,1886.6,1883.01,1829729,3445398004.29,86826,1011076,55.26,11,2018,0.7341751875483915,Slight Positive
376,TCS,EQ,2018-11-19,1886.6,1899.0,1907.35,1864.3,1902.0,1902.45,1883.58,1740628,3278612088.24,81373,964132,55.39,11,2018,0.8401356938407822,Slight Positive
377,TCS,EQ,2018-11-20,1902.45,1902.0,1902.0,1874.2,1880.0,1878.25,1883.47,1190182,2241672091.54,60265,569446,47.85,11,2018,-1.2720439433362318,Negative
378,TCS,EQ,2018-11-21,1878.25,1871.0,1871.05,1798.55,1813.0,1812.0,1813.73,3840461,6965559329.53,182675,1879471,48.94,11,2018,-3.527219486223876,Among top losers
379,TCS,EQ,2018-11-22,1812.0,1820.0,1847.6,1809.95,1816.2,1812.55,1830.63,3194219,5847433127.97,139414,1785075,55.88,11,2018,0.030353200883004305,Slight or No change
380,TCS,EQ,2018-11-26,1812.55,1819.0,1860.0,1784.5,1846.0,1846.1,1813.41,4333177,7857826503.570001,203328,2541269,58.65,11,2018,1.850983421147001,Positive
381,TCS,EQ,2018-11-27,1846.1,1854.0,1897.9,1835.35,1895.0,1890.25,1864.24,3344839,6235582657.36,143244,1708874,51.09,11,2018,2.391528086235861,Positive
382,TCS,EQ,2018-11-28,1890.25,1889.0,1989.0,1882.5,1985.05,1983.9,1951.77,5313249,10370240000.73,227744,2551399,48.02,11,2018,4.954371114931888,Among top gainers
383,TCS,EQ,2018-11-29,1983.9,1997.0,1997.0,1942.55,1970.0,1960.55,1964.64,4035441,7928188806.240001,160612,1363605,33.79,11,2018,-1.1769746458994979,Negative
384,TCS,EQ,2018-11-30,1960.55,1966.0,1991.0,1959.85,1974.8,1968.25,1972.18,5268901,10391221174.18,205076,3365155,63.87,11,2018,0.3927469332585254,Slight or No change
385,TCS,EQ,2018-12-03,1968.25,1984.0,1990.0,1968.3,1984.0,1982.4,1978.67,1610576,3186798413.92,125194,839773,52.14,12,2018,0.718912739743427,Slight Positive
386,TCS,EQ,2018-12-04,1982.4,1983.0,2019.4,1971.0,2009.85,2010.85,2004.77,3270615,6556830833.55,143841,1493209,45.66,12,2018,1.435129136400315,Positive
387,TCS,EQ,2018-12-05,2010.85,2006.0,2018.0,1985.0,2003.9,2006.75,2004.02,2501539,5013134186.78,107625,1257790,50.28,12,2018,-0.2038938757241926,Slight or No change
388,TCS,EQ,2018-12-06,2006.75,1998.0,2017.0,1979.6,1990.0,1992.7,1997.82,2321216,4637371749.12,123556,1077051,46.4,12,2018,-0.7001370374984384,Slight negative
389,TCS,EQ,2018-12-07,1992.7,1985.05,2003.9,1973.0,1999.85,1995.2,1991.36,1680420,3346321171.2,99269,787957,46.89,12,2018,0.12545792141316348,Slight or No change
390,TCS,EQ,2018-12-10,1995.2,1975.0,2011.0,1960.0,1961.0,1975.8,1988.81,2010786,3999071304.66,131125,881798,43.85,12,2018,-0.9723336006415395,Slight negative
391,TCS,EQ,2018-12-11,1975.8,1970.0,2010.0,1961.0,1997.05,2000.0,1993.07,2942014,5863639842.98,155565,1411423,47.97,12,2018,1.2248203259439316,Positive
392,TCS,EQ,2018-12-12,2000.0,2001.1,2022.0,1984.95,2016.5,2016.8,2011.87,2219993,4466337316.91,137802,941049,42.39,12,2018,0.8399999999999963,Slight Positive
393,TCS,EQ,2018-12-13,2016.8,2024.0,2029.7,1974.5,1981.95,1982.6,1995.57,3748429,7480252459.53,230059,2212914,59.04,12,2018,-1.6957556525188489,Negative
394,TCS,EQ,2018-12-14,1982.6,1983.0,1998.95,1975.25,1989.0,1989.75,1984.61,2473761,4909450818.21,131978,1452064,58.7,12,2018,0.3606375466559175,Slight or No change
395,TCS,EQ,2018-12-17,1989.75,1999.0,2004.9,1985.0,1992.9,1994.3,1993.85,1227921,2448290285.85,82547,588400,47.92,12,2018,0.22867194371152255,Slight or No change
396,TCS,EQ,2018-12-18,1994.3,1991.9,2002.0,1976.4,1987.9,1987.85,1986.56,1768742,3513712107.52,98048,969344,54.8,12,2018,-0.32342175199318035,Slight or No change
397,TCS,EQ,2018-12-19,1987.85,1984.8,1984.8,1960.05,1970.8,1968.45,1968.84,2498833,4919802363.72,162431,1521333,60.88,12,2018,-0.9759287672611028,Slight negative
398,TCS,EQ,2018-12-20,1968.45,1953.8,1974.9,1946.0,1955.0,1954.05,1955.65,1940277,3794502715.05,110330,985457,50.79,12,2018,-0.7315400441972209,Slight negative
399,TCS,EQ,2018-12-21,1954.05,1948.0,1950.0,1886.55,1905.0,1895.8,1913.17,3729956,7136039920.52,148411,2165114,58.05,12,2018,-2.98098820398659,Negative
400,TCS,EQ,2018-12-24,1895.8,1905.8,1938.9,1905.0,1922.0,1918.5,1924.7,1864116,3587864065.2000003,94556,584722,31.37,12,2018,1.1973836902626989,Positive
401,TCS,EQ,2018-12-26,1918.5,1921.8,1921.8,1870.25,1892.0,1889.2,1884.77,2446614,4611304668.78,97165,1206484,49.31,12,2018,-1.5272348188689056,Negative
402,TCS,EQ,2018-12-27,1889.2,1909.0,1941.7,1872.1,1909.1,1908.95,1920.44,4968201,9541131928.44,143656,1869270,37.62,12,2018,1.0454160491213171,Positive
403,TCS,EQ,2018-12-28,1908.95,1915.0,1920.0,1893.0,1897.0,1896.05,1907.36,2239130,4270826996.7999997,112230,1238176,55.3,12,2018,-0.6757641635454115,Slight negative
404,TCS,EQ,2018-12-31,1896.05,1908.0,1909.0,1886.15,1894.75,1893.05,1896.42,1879740,3564776530.8,66284,1025862,54.57,12,2018,-0.1582236755359845,Slight or No change
405,TCS,EQ,2019-01-01,1893.05,1896.0,1910.0,1885.0,1905.9,1902.8,1899.78,1094883,2080036825.74,32636,489139,44.68,1,2019,0.5150418636591825,Slight Positive
406,TCS,EQ,2019-01-02,1902.8,1905.0,1934.45,1900.0,1919.0,1923.3,1922.9,2100463,4038980302.7000003,85488,664045,31.61,1,2019,1.0773596804708907,Positive
407,TCS,EQ,2019-01-03,1923.3,1919.0,1944.95,1893.1,1901.0,1899.95,1916.85,2611668,5006175805.8,144072,1250117,47.87,1,2019,-1.2140591691363722,Negative
408,TCS,EQ,2019-01-04,1899.95,1900.0,1901.2,1841.0,1882.0,1876.85,1869.19,4280862,8001744441.780001,208198,1657983,38.73,1,2019,-1.2158214689860336,Negative
409,TCS,EQ,2019-01-07,1876.85,1891.8,1908.8,1881.0,1898.0,1897.9,1894.04,1856423,3516139418.92,87327,956009,51.5,1,2019,1.12156006074009,Positive
410,TCS,EQ,2019-01-08,1897.9,1905.4,1906.4,1883.3,1891.0,1893.55,1892.03,1691756,3200853104.68,93357,795046,47.0,1,2019,-0.22920069550557143,Slight or No change
411,TCS,EQ,2019-01-09,1893.55,1907.4,1919.0,1866.7,1884.6,1886.95,1897.56,2414376,4581423322.559999,120123,996472,41.27,1,2019,-0.34855166222175216,Slight or No change
412,TCS,EQ,2019-01-10,1886.95,1890.0,1905.0,1872.1,1883.0,1888.55,1891.77,3053461,5776445915.97,123512,1290181,42.25,1,2019,0.08479291979119896,Slight or No change
413,TCS,EQ,2019-01-11,1888.55,1870.0,1875.0,1835.0,1843.45,1842.55,1849.37,9209862,17032442486.939999,290559,2969901,32.25,1,2019,-2.435731116465012,Negative
414,TCS,EQ,2019-01-14,1842.55,1850.0,1851.0,1810.0,1815.45,1813.25,1817.21,3615370,6569886517.7,193940,2059040,56.95,1,2019,-1.590187511872132,Negative
415,TCS,EQ,2019-01-15,1813.25,1810.0,1869.35,1808.0,1866.0,1867.8,1857.55,7711653,14324781030.15,199057,1656095,21.48,1,2019,3.0084103129739415,Among top gainers
416,TCS,EQ,2019-01-16,1867.8,1870.0,1875.0,1847.0,1873.95,1870.15,1861.89,2359280,4392719839.2,131093,1033927,43.82,1,2019,0.12581646857265927,Slight or No change
417,TCS,EQ,2019-01-17,1870.15,1878.0,1898.0,1871.3,1895.0,1894.3,1887.33,2625816,4955781311.28,124983,1357445,51.7,1,2019,1.2913402668235152,Positive
418,TCS,EQ,2019-01-18,1894.3,1881.0,1904.2,1876.0,1899.5,1900.65,1891.36,1683728,3184535790.08,110667,811536,48.2,1,2019,0.33521617484031374,Slight or No change
419,TCS,EQ,2019-01-21,1900.65,1902.0,1932.0,1895.45,1903.5,1908.7,1916.27,2409803,4617833194.81,119665,1055927,43.82,1,2019,0.42353931549732327,Slight or No change
420,TCS,EQ,2019-01-22,1908.7,1907.1,1918.25,1890.0,1896.7,1901.9,1902.97,2457093,4675774266.21,186202,1563235,63.62,1,2019,-0.356263425368053,Slight or No change
421,TCS,EQ,2019-01-23,1901.9,1901.0,1906.1,1870.0,1881.0,1875.6,1882.8,2578169,4854176593.2,116599,1508210,58.5,1,2019,-1.382827698617184,Negative
422,TCS,EQ,2019-01-24,1875.6,1884.8,1905.25,1875.0,1902.0,1901.55,1893.8,1962927,3717391152.6,109822,967677,49.3,1,2019,1.3835572616762715,Positive
423,TCS,EQ,2019-01-25,1901.55,1902.0,1935.0,1901.0,1919.5,1920.8,1921.92,2327080,4472461593.6,96992,1023079,43.96,1,2019,1.0123320449107354,Positive
424,TCS,EQ,2019-01-28,1920.8,1933.0,1962.0,1925.5,1960.0,1955.0,1948.39,2769033,5395156206.87,108034,1458544,52.67,1,2019,1.7805081216159868,Positive
425,TCS,EQ,2019-01-29,1955.0,1962.0,1989.05,1936.65,1983.35,1982.75,1959.99,2557626,5012921383.74,120832,1311491,51.28,1,2019,1.4194373401534621,Positive
426,TCS,EQ,2019-01-30,1982.75,1979.6,1989.5,1954.65,1984.15,1981.4,1975.06,2429575,4798556399.5,112445,1325919,54.57,1,2019,-0.06808725255327275,Slight or No change
427,TCS,EQ,2019-01-31,1981.4,1987.0,2019.75,1985.0,2009.5,2014.1,2008.37,4094319,8222907450.03,146142,2810409,68.64,1,2019,1.6503482386191592,Positive
428,TCS,EQ,2019-02-01,2014.1,2009.5,2034.75,1998.1,2024.2,2029.95,2022.08,3064163,6195982719.04,113684,1682369,54.9,2,2019,0.7869519884812215,Slight Positive
429,TCS,EQ,2019-02-04,2029.95,2029.95,2055.45,2023.0,2049.2,2050.25,2039.87,1590764,3244951760.68,67625,718838,45.19,2,2019,1.000024631148544,Positive
430,TCS,EQ,2019-02-05,2050.25,2050.0,2055.0,2028.0,2051.0,2044.55,2043.13,1111404,2270742854.52,50408,333979,30.05,2,2019,-0.2780148762346113,Slight or No change
431,TCS,EQ,2019-02-06,2044.55,2049.9,2086.85,2041.05,2070.0,2074.8,2067.55,1789812,3700525800.6000004,84074,886665,49.54,2,2019,1.4795431757599564,Positive
432,TCS,EQ,2019-02-07,2074.8,2074.75,2097.95,2067.0,2078.25,2082.9,2084.77,1339945,2793477137.65,67902,658726,49.16,2,2019,0.3903990746096042,Slight or No change
433,TCS,EQ,2019-02-08,2082.9,2075.0,2089.5,2051.0,2055.65,2061.4,2072.46,1684474,3491004986.04,71171,936611,55.6,2,2019,-1.032214700657741,Negative
435,TCS,EQ,2019-02-11,2061.4,2060.0,2096.0,2048.9,2065.6,2065.9,2077.11,1778730,3694617870.3,83603,901516,50.68,2,2019,0.21829824391190744,Slight or No change
436,TCS,EQ,2019-02-12,2065.9,2070.0,2070.0,2018.0,2051.0,2051.6,2042.96,2422903,4949893912.88,115864,1168012,48.21,2,2019,-0.6921922648724599,Slight negative
437,TCS,EQ,2019-02-13,2051.6,2062.0,2083.0,2050.5,2057.0,2065.4,2064.32,2808581,5797809929.92,141176,1586016,56.47,2,2019,0.672645739910327,Slight Positive
438,TCS,EQ,2019-02-14,2065.4,2060.05,2075.0,2033.05,2049.0,2044.6,2050.83,1724085,3535805240.5499997,82641,917991,53.25,2,2019,-1.0070688486491841,Negative
439,TCS,EQ,2019-02-15,2044.6,2049.0,2052.0,2010.95,2034.6,2029.7,2031.88,1930065,3921660472.2000003,96728,1068343,55.35,2,2019,-0.7287488995402436,Slight negative
441,TCS,EQ,2019-02-18,2029.7,2037.6,2041.95,1962.65,1969.6,1970.3,1988.87,2942184,5851621492.08,100585,1668905,56.72,2,2019,-2.926540868108596,Negative
442,TCS,EQ,2019-02-19,1970.3,1970.0,1971.0,1892.0,1907.6,1904.8,1930.07,4408554,8508817818.78,161765,2254434,51.14,2,2019,-3.324366847688165,Among top losers
443,TCS,EQ,2019-02-20,1904.8,1915.0,1933.8,1881.3,1913.3,1914.75,1908.2,4645778,8865073579.6,139504,2232869,48.06,2,2019,0.5223645527089538,Slight Positive
444,TCS,EQ,2019-02-21,1914.75,1914.75,1940.0,1897.05,1912.0,1914.2,1922.84,4683919,9006426809.96,171685,2335145,49.85,2,2019,-0.028724376550459674,Slight or No change
445,TCS,EQ,2019-02-22,1914.2,1917.2,1930.0,1905.1,1929.0,1925.65,1920.72,2271955,4363789407.6,112148,1355421,59.66,2,2019,0.5981611116915753,Slight Positive
447,TCS,EQ,2019-02-25,1925.65,1932.5,1990.0,1930.5,1987.0,1985.15,1961.61,2934880,5757089956.799999,140541,1341508,45.71,2,2019,3.0898657596136303,Among top gainers
448,TCS,EQ,2019-02-26,1985.15,1984.0,2045.15,1972.25,2032.5,2038.7,2022.12,6453309,13049365195.08,177907,3366710,52.17,2,2019,2.6975291539682145,Positive
449,TCS,EQ,2019-02-27,2038.7,2040.0,2074.95,2022.0,2052.5,2058.1,2050.25,4732082,9701951120.5,168823,2532055,53.51,2,2019,0.9515867955069313,Slight Positive
450,TCS,EQ,2019-02-28,2058.1,2060.0,2071.35,1977.6,1983.5,1983.45,2009.42,8454295,16988229458.900002,284872,3927877,46.46,2,2019,-3.62713182061124,Among top losers
451,TCS,EQ,2019-03-01,1983.45,1995.05,2005.0,1980.35,1995.0,1995.4,1993.73,4148548,8271084604.04,128204,2071633,49.94,3,2019,0.6024855680758279,Slight Positive
452,TCS,EQ,2019-03-05,1995.4,2005.0,2007.0,1976.6,1985.05,1988.1,1987.11,2449622,4867668372.42,151723,1394714,56.94,3,2019,-0.3658414353012063,Slight or No change
453,TCS,EQ,2019-03-06,1988.1,1989.3,2015.0,1985.05,2005.0,1999.6,2001.3,2635047,5273519561.099999,179625,1257394,47.72,3,2019,0.5784417282832965,Slight Positive
454,TCS,EQ,2019-03-07,1999.6,2005.0,2024.05,2000.2,2015.0,2013.3,2014.4,2539884,5116342329.6,126121,1392383,54.82,3,2019,0.6851370274054913,Slight Positive
455,TCS,EQ,2019-03-08,2013.3,2025.0,2033.0,2010.05,2022.75,2022.7,2023.03,2031071,4108917565.13,116872,971744,47.84,3,2019,0.46689514727065173,Slight or No change
456,TCS,EQ,2019-03-11,2022.7,2028.9,2033.0,2003.65,2016.15,2014.8,2017.1,3111689,6276587881.9,104833,2195339,70.55,3,2019,-0.3905670638255865,Slight or No change
457,TCS,EQ,2019-03-12,2014.8,2014.05,2024.8,2003.0,2009.1,2012.45,2015.6,2658550,5358573380.0,132223,1716971,64.58,3,2019,-0.11663688703592578,Slight or No change
458,TCS,EQ,2019-03-13,2012.45,2013.0,2015.9,1978.6,1995.0,2000.5,2001.12,1833163,3668379142.56,112785,821473,44.81,3,2019,-0.593803572759577,Slight negative
459,TCS,EQ,2019-03-14,2000.5,2004.95,2007.8,1981.0,1990.4,1987.4,1991.28,1905495,3794374083.6,124863,1000627,52.51,3,2019,-0.6548362909272631,Slight negative
460,TCS,EQ,2019-03-15,1987.4,1998.9,2068.95,1991.0,2036.0,2039.95,2040.01,5184318,10576060563.18,164284,2256287,43.52,3,2019,2.644158196638813,Positive
461,TCS,EQ,2019-03-18,2039.95,2043.0,2064.6,2011.0,2023.85,2022.8,2033.02,2349915,4777424193.3,116385,867727,36.93,3,2019,-0.8407068800705964,Slight negative
462,TCS,EQ,2019-03-19,2022.8,2030.0,2030.0,1995.1,2028.5,2022.8,2010.71,2373993,4773411465.03,135360,1176359,49.55,3,2019,0.0,Slight or No change
463,TCS,EQ,2019-03-20,2022.8,2028.0,2044.8,2000.0,2000.25,2015.05,2025.82,3091165,6262143880.3,161415,1678488,54.3,3,2019,-0.3831322918726565,Slight or No change
465,TCS,EQ,2019-03-22,2015.05,2015.0,2016.0,1983.3,2010.0,2005.65,1998.96,3148149,6293023925.04,155770,1787595,56.78,3,2019,-0.4664896652688433,Slight or No change
466,TCS,EQ,2019-03-25,2005.65,2007.8,2007.8,1977.2,1980.8,1984.25,1987.88,2429205,4828968035.400001,94852,1430988,58.91,3,2019,-1.0669857652132797,Negative
467,TCS,EQ,2019-03-26,1984.25,1984.0,1994.95,1958.05,1977.4,1982.65,1971.46,2316539,4566963976.940001,114153,893480,38.57,3,2019,-0.08063500062995832,Slight or No change
468,TCS,EQ,2019-03-27,1982.65,1994.0,1998.0,1961.0,1964.85,1967.9,1979.12,2266166,4485014453.92,110306,1163070,51.32,3,2019,-0.7439537992081302,Slight negative
469,TCS,EQ,2019-03-28,1967.9,1980.0,2014.6,1972.8,2004.45,2000.3,1993.96,4054489,8084488886.440001,144600,2150827,53.05,3,2019,1.6464251232277904,Positive
470,TCS,EQ,2019-03-29,2000.3,2019.0,2024.9,1983.55,2000.0,2001.65,2001.7,2948955,5902923223.5,134193,1191681,40.41,3,2019,0.06748987651852278,Slight or No change
471,TCS,EQ,2019-04-01,2001.65,2010.0,2039.95,2008.25,2034.95,2031.65,2027.91,2095740,4249972103.4,109983,748739,35.73,4,2019,1.4987635200959248,Positive
472,TCS,EQ,2019-04-02,2031.65,2037.1,2086.0,2037.0,2079.0,2079.3,2064.13,3719663,7677867988.190001,124157,1757245,47.24,4,2019,2.345384293554509,Positive
473,TCS,EQ,2019-04-03,2079.3,2085.0,2089.6,2058.1,2078.15,2079.3,2073.86,2939886,6096911979.96,119988,1164726,39.62,4,2019,0.0,Slight or No change
474,TCS,EQ,2019-04-04,2079.3,2078.15,2079.7,2007.4,2017.0,2014.5,2039.77,4397518,8969925290.86,145227,2310866,52.55,4,2019,-3.116433415091624,Among top losers
475,TCS,EQ,2019-04-05,2014.5,2028.65,2054.4,2018.8,2051.0,2048.3,2037.19,3152103,6421432710.570001,96704,1536645,48.75,4,2019,1.6778356912385384,Positive
476,TCS,EQ,2019-04-08,2048.3,2059.0,2075.0,2032.7,2073.6,2070.75,2056.64,2194294,4512872812.16,130397,788699,35.94,4,2019,1.0960308548552344,Positive
477,TCS,EQ,2019-04-09,2070.75,2070.0,2098.0,2057.65,2087.45,2091.5,2085.63,2690970,5612367761.1,122603,1036682,38.52,4,2019,1.0020523964747063,Positive
478,TCS,EQ,2019-04-10,2091.5,2083.0,2085.5,2036.0,2043.65,2040.25,2053.91,3313062,6804731172.419999,168190,1821699,54.99,4,2019,-2.4503944537413336,Negative
479,TCS,EQ,2019-04-11,2040.25,2045.0,2055.0,2013.65,2025.0,2019.5,2028.47,3422442,6942320923.74,133153,1568180,45.82,4,2019,-1.0170322264428378,Negative
480,TCS,EQ,2019-04-12,2019.5,2038.0,2039.0,2007.0,2013.05,2014.5,2019.97,3198471,6460815465.87,126989,1040440,32.53,4,2019,-0.24758603614756236,Slight or No change
481,TCS,EQ,2019-04-15,2014.5,2070.0,2119.8,2041.0,2113.0,2113.3,2086.02,9189201,19168857070.02,282918,3402175,37.02,4,2019,4.904442789774155,Among top gainers
482,TCS,EQ,2019-04-16,2113.3,2120.0,2155.95,2115.55,2137.0,2131.8,2137.54,5771952,12337778278.08,222230,2514452,43.56,4,2019,0.8754081294657601,Slight Positive
483,TCS,EQ,2019-04-18,2131.8,2149.9,2155.0,2114.2,2149.25,2150.05,2138.81,3413728,7301315583.679999,159168,1564757,45.84,4,2019,0.8560840604184161,Slight Positive
484,TCS,EQ,2019-04-22,2150.05,2148.0,2176.0,2145.6,2160.3,2161.45,2165.74,2007135,4346932554.9,79881,717594,35.75,4,2019,0.5302202274365619,Slight Positive
485,TCS,EQ,2019-04-23,2161.45,2163.0,2165.5,2134.05,2163.0,2155.05,2147.21,2163524,4645540368.04,88782,970246,44.85,4,2019,-0.29609752712298487,Slight or No change
486,TCS,EQ,2019-04-24,2155.05,2158.0,2195.0,2156.1,2168.6,2183.45,2172.32,3003071,6523631194.72,128669,1718919,57.24,4,2019,1.3178348530196393,Positive
487,TCS,EQ,2019-04-25,2183.45,2175.0,2205.0,2168.05,2203.0,2195.0,2189.55,4211526,9221346753.300001,108403,2971130,70.55,4,2019,0.5289793675147259,Slight Positive
488,TCS,EQ,2019-04-26,2195.0,2203.0,2243.95,2193.15,2231.1,2238.55,2225.36,2716958,6046209654.88,110079,1175323,43.26,4,2019,1.984054669703883,Positive
489,TCS,EQ,2019-04-30,2238.55,2238.55,2266.95,2230.1,2256.25,2260.35,2252.48,3488395,7857539969.6,135194,2026970,58.11,4,2019,0.9738446762413089,Slight Positive
490,TCS,EQ,2019-05-02,2260.35,2255.0,2259.4,2211.1,2214.7,2215.4,2227.88,2457699,5475458448.12,106215,1064368,43.31,5,2019,-1.9886300794124678,Negative
491,TCS,EQ,2019-05-03,2215.4,2185.0,2186.05,2125.0,2137.0,2132.0,2153.0,3780886,8140247558.0,188561,1641641,43.42,5,2019,-3.7645571905750685,Among top losers
492,TCS,EQ,2019-05-06,2132.0,2110.0,2165.0,2108.5,2155.2,2157.85,2150.11,2891422,6216875356.42,109314,1224571,42.35,5,2019,1.2124765478424004,Positive
493,TCS,EQ,2019-05-07,2157.85,2160.05,2184.35,2138.8,2154.0,2151.95,2163.53,2201698,4763439673.940001,86096,975603,44.31,5,2019,-0.2734203026160342,Slight or No change
494,TCS,EQ,2019-05-08,2151.95,2151.0,2168.0,2130.4,2156.0,2152.85,2151.85,1824895,3926900305.75,77713,781526,42.83,5,2019,0.04182253305142769,Slight or No change
495,TCS,EQ,2019-05-09,2152.85,2145.0,2184.1,2136.1,2171.2,2172.55,2166.98,2264162,4906393770.76,106297,1251459,55.27,5,2019,0.9150660752026418,Slight Positive
496,TCS,EQ,2019-05-10,2172.55,2175.0,2192.0,2125.85,2130.25,2135.8,2161.83,2039633,4409339808.389999,85446,873181,42.81,5,2019,-1.69156060850153,Negative
497,TCS,EQ,2019-05-13,2135.8,2133.0,2167.0,2121.65,2134.0,2128.75,2143.87,1701744,3648317909.2799997,74014,677242,39.8,5,2019,-0.33008708680588583,Slight or No change
